City_ID,City,Country,Date,Lat,Lng,Max Temp,Humidity,Cloudiness,Wind Speed
0,Cabo San Lucas,MX,2022-07-10 01:34:55,22.8909,-109.9124,92.5,43,40,13.8
1,Rikitea,PF,2022-07-10 01:39:50,-23.1203,-134.9692,73.78,77,20,9.95
2,Russell,US,2022-07-10 01:39:50,32.3502,-85.1999,76.6,94,0,0.0
3,Kodiak,US,2022-07-10 01:36:32,57.79,-152.4072,56.71,77,100,11.5
4,New Norfolk,AU,2022-07-10 01:39:51,-42.7826,147.0587,51.93,84,4,3.4
5,Brewster,US,2022-07-10 01:39:51,41.3973,-73.6171,74.73,57,0,4.61
6,Haines Junction,CA,2022-07-10 01:39:51,60.7522,-137.5108,67.95,40,70,12.66
7,Norman Wells,CA,2022-07-10 01:39:52,65.282,-126.8329,80.64,36,75,12.66
8,Lompoc,US,2022-07-10 01:39:52,34.6391,-120.4579,75.34,77,0,23.0
9,Mataura,NZ,2022-07-10 01:39:52,-46.1927,168.8643,46.47,64,11,1.74
10,Sovetskiy,RU,2022-07-10 01:39:53,61.3614,63.5842,71.44,59,6,2.37
11,Port Alfred,ZA,2022-07-10 01:39:53,-33.5906,26.891,62.19,77,3,8.99
12,Hobart,AU,2022-07-10 01:39:53,-42.8794,147.3294,52.27,75,75,6.91
13,Noyabrsk,RU,2022-07-10 01:39:54,63.1994,75.4507,64.83,62,17,5.75
14,Lekoni,GA,2022-07-10 01:39:54,-1.5843,14.2591,74.1,57,74,4.85
15,Bouloupari,NC,2022-07-10 01:39:54,-21.8667,166.05,84.11,61,100,9.84
16,Turbat,PK,2022-07-10 01:39:55,26.0023,63.044,83.55,82,33,2.89
17,Sambava,MG,2022-07-10 01:39:55,-14.2667,50.1667,68.95,85,71,12.1
18,Vila Franca Do Campo,PT,2022-07-10 01:39:55,37.7167,-25.4333,68.2,85,10,5.99
19,Mount Isa,AU,2022-07-10 01:39:56,-20.7333,139.5,62.37,31,0,11.5
20,Chokurdakh,RU,2022-07-10 01:39:56,70.6333,147.9167,63.79,34,5,10.22
21,Tura,IN,2022-07-10 01:39:57,25.5198,90.2201,81.75,76,12,3.96
22,Talnakh,RU,2022-07-10 01:39:57,69.4865,88.3972,47.21,66,39,16.53
23,Srednekolymsk,RU,2022-07-10 01:39:41,67.45,153.6833,61.47,39,63,4.85
24,Atuona,PF,2022-07-10 01:39:57,-9.8,-139.0333,77.7,76,7,18.23
25,Bluff,NZ,2022-07-10 01:39:58,-46.6,168.3333,46.8,67,36,3.65
26,Praia Da Vitoria,PT,2022-07-10 01:39:58,38.7333,-27.0667,66.76,94,75,7.96
27,Ancud,CL,2022-07-10 01:39:58,-41.8697,-73.8203,45.23,87,99,11.52
28,Hay River,CA,2022-07-10 01:39:15,60.8156,-115.7999,58.98,88,100,5.75
29,Yellowknife,CA,2022-07-10 01:37:58,62.456,-114.3525,73.92,56,75,3.44
30,Santa Engracia,ES,2022-07-10 01:39:59,41.9406,-1.3245,73.98,57,0,7.58
31,Albany,US,2022-07-10 01:36:35,42.6001,-73.9662,64.92,75,4,5.1
32,East London,ZA,2022-07-10 01:39:59,-33.0153,27.9116,68.29,58,0,18.9
33,Lagos,NG,2022-07-10 01:35:04,6.5833,3.75,75.52,97,100,3.22
34,Ushuaia,AR,2022-07-10 01:37:13,-54.8,-68.3,28.06,80,40,11.5
35,Kloulklubed,PW,2022-07-10 01:40:00,7.0419,134.2556,81.1,76,85,13.0
36,Busselton,AU,2022-07-10 01:40:00,-33.65,115.3333,56.93,63,92,13.06
37,Lebu,CL,2022-07-10 01:40:01,-37.6167,-73.65,48.42,85,37,12.06
38,Loyga,RU,2022-07-10 01:40:01,61.0784,44.6075,59.49,77,93,2.35
39,Georgetown,MY,2022-07-10 01:36:22,5.4112,100.3354,85.89,84,20,5.01
40,Dikson,RU,2022-07-10 01:40:02,73.5069,80.5464,32.9,93,98,7.29
41,Makakilo City,US,2022-07-10 01:40:02,21.3469,-158.0858,84.52,57,100,19.57
42,Punta Arenas,CL,2022-07-10 01:38:42,-53.15,-70.9167,26.71,74,20,11.5
43,Toccoa,US,2022-07-10 01:40:03,34.5773,-83.3324,82.04,84,40,0.0
44,Knysna,ZA,2022-07-10 01:40:03,-34.0363,23.0471,59.81,71,99,0.85
45,Eshowe,ZA,2022-07-10 01:40:04,-28.8865,31.4699,52.41,73,0,6.11
46,Talara,PE,2022-07-10 01:40:04,-4.5772,-81.2719,64.04,88,100,18.59
47,Zhigansk,RU,2022-07-10 01:41:05,66.7697,123.3711,60.4,56,96,4.79
48,Siverek,TR,2022-07-10 01:41:05,37.755,39.3167,74.95,54,0,4.43
49,Oktyabrskoye,RU,2022-07-10 01:41:06,43.0645,44.7417,57.34,100,0,2.24
50,Butaritari,KI,2022-07-10 01:41:06,3.0707,172.7902,81.99,78,26,12.48
51,Cape Town,ZA,2022-07-10 01:41:06,-33.9258,18.4232,57.38,88,75,8.05
52,Carnarvon,AU,2022-07-10 01:41:07,-24.8667,113.6333,66.76,80,100,19.55
53,Iberia,US,2022-07-10 01:41:07,29.9502,-91.7507,91.47,66,0,8.05
54,Laguna,US,2022-07-10 01:41:08,38.421,-121.4238,95.45,35,0,9.22
55,Itaquyry,PY,2022-07-10 01:41:08,-24.9333,-55.2167,71.96,54,64,8.21
56,Coquimbo,CL,2022-07-10 01:41:09,-29.9533,-71.3436,53.33,100,100,2.3
57,Teya,RU,2022-07-10 01:41:09,60.3778,92.6267,69.26,75,72,4.61
58,Penzance,GB,2022-07-10 01:41:09,50.1186,-5.5371,59.68,83,0,9.78
59,Buluang,PH,2022-07-10 01:41:10,13.3068,123.3425,84.16,79,79,7.16
60,Hermanus,ZA,2022-07-10 01:41:10,-34.4187,19.2345,46.8,81,20,6.15
61,Solok,ID,2022-07-10 01:41:10,-0.7918,100.6593,70.75,69,70,2.15
62,Hobyo,SO,2022-07-10 01:41:11,5.3505,48.5268,76.08,74,99,24.67
63,Vila Velha,BR,2022-07-10 01:41:11,-20.3297,-40.2925,65.95,95,20,2.3
64,Geraldton,AU,2022-07-10 01:41:12,-28.7667,114.6,64.81,63,40,6.91
65,Pangnirtung,CA,2022-07-10 01:36:58,66.1451,-65.7125,45.37,78,78,2.21
66,Upernavik,GL,2022-07-10 01:38:55,72.7868,-56.1549,39.34,87,14,5.46
67,Port Hedland,AU,2022-07-10 01:41:12,-20.3167,118.5667,69.85,19,0,14.97
68,Chuguyevka,RU,2022-07-10 01:41:13,44.1653,133.8633,80.37,56,71,2.71
69,Hovd,MN,2022-07-10 01:41:13,48.0056,91.6419,63.55,52,29,7.25
70,Arraial Do Cabo,BR,2022-07-10 01:36:57,-22.9661,-42.0278,70.43,87,2,19.71
71,Maceio,BR,2022-07-10 01:41:13,-9.6658,-35.7353,72.84,88,100,14.97
72,Avarua,CK,2022-07-10 01:41:14,-21.2078,-159.775,77.05,53,20,11.5
73,Powell River,CA,2022-07-10 01:41:14,49.8496,-124.5361,69.08,77,100,4.61
74,Banjar,ID,2022-07-10 01:41:14,-8.19,114.9675,84.81,64,28,1.97
75,Miracema Do Tocantins,BR,2022-07-10 01:41:15,-9.5618,-48.3967,75.18,39,2,3.15
76,Aksu,CN,2022-07-10 01:41:15,41.1231,80.2644,79.43,30,100,3.91
77,Sinnamary,GF,2022-07-10 01:41:16,5.3833,-52.95,77.49,88,100,7.61
78,Adrar,MR,2022-07-10 01:41:16,20.5022,-10.0711,95.94,16,1,8.84
79,Tasiilaq,GL,2022-07-10 01:41:16,65.6145,-37.6368,44.76,76,100,1.68
80,Willoughby,US,2022-07-10 01:40:08,41.6398,-81.4065,70.86,54,0,11.5
81,Airai,TL,2022-07-10 01:41:17,-8.9266,125.4092,66.6,70,76,4.21
82,Mehamn,NO,2022-07-10 01:41:17,71.0357,27.8492,55.35,88,40,0.0
83,Muzhi,RU,2022-07-10 01:41:18,65.3667,64.6667,65.7,60,92,2.64
84,Saint-Philippe,RE,2022-07-10 01:41:18,-21.3585,55.7679,65.79,71,75,13.73
85,Karaidel,RU,2022-07-10 01:41:18,55.8337,56.9069,65.19,89,94,2.15
86,Hithadhoo,MV,2022-07-10 01:41:19,-0.6,73.0833,83.05,76,97,6.2
87,Chickasha,US,2022-07-10 01:41:19,35.0526,-97.9364,94.35,38,0,9.22
88,Salina Cruz,MX,2022-07-10 01:40:26,16.1667,-95.2,83.03,71,4,11.81
89,Coihaique,CL,2022-07-10 01:41:20,-45.5752,-72.0662,35.55,93,100,4.61
90,Bredasdorp,ZA,2022-07-10 01:41:20,-34.5322,20.0403,49.77,83,0,4.47
91,Roebourne,AU,2022-07-10 01:41:20,-20.7833,117.1333,69.89,17,0,12.55
92,Leshukonskoye,RU,2022-07-10 01:41:21,64.8989,45.7622,61.7,63,100,2.55
93,Kavaratti,IN,2022-07-10 01:41:21,10.5669,72.642,80.96,81,100,22.53
94,Iqaluit,CA,2022-07-10 01:42:22,63.7506,-68.5145,38.93,86,20,8.05
95,Tumaco,CO,2022-07-10 01:42:22,1.7986,-78.8156,75.65,90,56,7.74
96,Dingle,PH,2022-07-10 01:42:23,10.9995,122.6711,83.48,78,68,13.22
97,Jamestown,US,2022-07-10 01:38:23,42.097,-79.2353,65.84,55,0,9.22
98,Vermilion,US,2022-07-10 01:42:23,40.1667,-87.7506,77.59,78,0,5.75
99,Narsaq,GL,2022-07-10 01:42:23,60.9167,-46.05,48.42,93,36,1.45
100,Torbay,CA,2022-07-10 01:42:24,47.6666,-52.7314,55.58,88,40,9.22
101,Itajuba,BR,2022-07-10 01:38:59,-22.4256,-45.4528,58.75,75,11,2.89
102,Kangaatsiaq,GL,2022-07-10 01:42:24,68.3065,-53.4641,40.41,91,96,7.31
103,Ingham,US,2022-07-10 01:42:25,42.6,-84.3833,71.78,52,0,4.61
104,Beringovskiy,RU,2022-07-10 01:42:25,63.05,179.3167,48.36,92,100,7.81
105,Barrow,US,2022-07-10 01:42:25,71.2906,-156.7887,55.42,71,0,11.5
106,Crestview,US,2022-07-10 01:40:41,30.7621,-86.5705,83.26,93,20,4.61
107,Tual,ID,2022-07-10 01:42:26,-5.6667,132.75,79.52,84,25,23.69
108,Kaitangata,NZ,2022-07-10 01:42:26,-46.2817,169.8464,45.41,64,10,4.07
109,Victor Harbor,AU,2022-07-10 01:42:27,-35.5667,138.6167,54.0,64,100,1.01
110,Murud,IN,2022-07-10 01:42:27,18.3258,72.965,79.75,86,100,16.44
111,Puerto Ayora,EC,2022-07-10 01:42:28,-0.7393,-90.3518,71.55,89,97,5.01
112,Marsa Matruh,EG,2022-07-10 01:42:28,31.3525,27.2453,79.0,73,40,12.66
113,Husavik,IS,2022-07-10 01:42:28,66.0449,-17.3389,52.86,85,97,6.58
114,Te Anau,NZ,2022-07-10 01:42:29,-45.4167,167.7167,41.95,70,46,3.24
115,Golspie,GB,2022-07-10 01:42:29,57.9727,-3.978,61.0,87,85,12.08
116,Poya,NC,2022-07-10 01:42:29,-21.35,165.15,82.47,64,100,7.72
117,Nikolskoye,RU,2022-07-10 01:42:30,59.7035,30.7861,59.81,93,81,2.37
118,Orange Cove,US,2022-07-10 01:42:30,36.6244,-119.3137,97.63,18,0,11.5
119,Agadez,NE,2022-07-10 01:42:30,19.75,10.25,85.33,12,3,5.26
120,Taltal,CL,2022-07-10 01:40:49,-25.4,-70.4833,58.62,74,65,1.72
121,Tuktoyaktuk,CA,2022-07-10 01:42:31,69.4541,-133.0374,48.2,100,100,9.22
122,Mutoko,ZW,2022-07-10 01:42:31,-17.397,32.2268,48.07,77,0,3.24
123,Xuddur,SO,2022-07-10 01:42:32,4.1213,43.8894,68.59,76,99,20.04
124,Gobabis,NA,2022-07-10 01:42:32,-22.45,18.9667,48.43,43,0,11.32
125,Lambari,BR,2022-07-10 01:42:32,-21.9756,-45.3503,56.16,70,16,3.51
126,Henties Bay,NA,2022-07-10 01:42:33,-22.116,14.2845,54.37,88,0,8.41
127,Stornoway,GB,2022-07-10 01:42:33,58.2093,-6.3865,53.92,93,100,4.0
128,Luderitz,NA,2022-07-10 01:42:33,-26.6481,15.1594,54.61,92,43,2.95
129,Antofagasta,CL,2022-07-10 01:42:34,-23.65,-70.4,58.28,83,100,7.61
130,Kapaa,US,2022-07-10 01:42:34,22.0752,-159.319,84.52,73,40,16.11
131,Varkkallai,IN,2022-07-10 01:42:34,8.7341,76.7067,78.58,88,85,13.22
132,Hami,CN,2022-07-10 01:42:35,42.8,93.45,89.83,12,50,5.57
133,Camacha,PT,2022-07-10 01:42:35,33.0833,-16.3333,63.82,88,75,18.41
134,Victoria,HK,2022-07-10 01:41:11,22.2855,114.1577,91.45,76,50,10.0
135,Cidreira,BR,2022-07-10 01:42:36,-30.1811,-50.2056,62.19,93,63,14.23
136,Fort Saint James,CA,2022-07-10 01:42:36,54.4333,-124.25,65.98,45,91,10.38
137,Asfi,MA,2022-07-10 01:42:36,32.2994,-9.2372,77.13,48,71,10.69
138,Latung,PH,2022-07-10 01:43:37,5.5,120.8833,83.52,72,100,12.57
139,Grindavik,IS,2022-07-10 01:43:37,63.8424,-22.4338,49.95,100,100,16.11
140,Quebo,GW,2022-07-10 01:43:38,11.3333,-14.9333,75.79,95,87,3.0
141,San Cristobal,VE,2022-07-10 01:43:38,7.7669,-72.225,77.18,98,100,3.89
142,Wageningen,NL,2022-07-10 01:43:38,51.9667,5.6667,59.07,80,75,3.44
143,Qaanaaq,GL,2022-07-10 01:43:39,77.484,-69.3632,42.96,77,12,0.92
144,Broome,US,2022-07-10 01:43:39,42.2506,-75.833,64.78,59,0,9.22
145,Ribeira Grande,PT,2022-07-10 01:43:39,38.5167,-28.7,67.84,77,54,10.54
146,Vaini,TO,2022-07-10 01:43:40,-21.2,-175.2,78.96,73,20,13.8
147,Parrita,CR,2022-07-10 01:43:40,9.5201,-84.3225,78.3,89,100,2.73
148,Yar-Sale,RU,2022-07-10 01:43:40,66.8333,70.8333,59.83,67,96,8.39
149,Jaru,BR,2022-07-10 01:43:41,-10.4389,-62.4664,76.77,55,22,1.7
150,Sri Aman,MY,2022-07-10 01:43:41,1.2376,111.4621,80.65,89,20,3.44
151,Virginia Beach,US,2022-07-10 01:40:05,36.8529,-75.978,74.01,94,100,13.8
152,Goba,ET,2022-07-10 01:43:42,7.0167,39.9833,50.32,97,100,2.01
153,Faanui,PF,2022-07-10 01:43:42,-16.4833,-151.75,78.01,73,64,19.01
154,Estreito,BR,2022-07-10 01:43:42,-5.7833,-43.25,70.29,53,15,3.02
155,Constitucion,CL,2022-07-10 01:43:43,-35.3333,-72.4167,51.12,86,100,8.84
156,Nchelenge,ZM,2022-07-10 01:43:43,-9.3451,28.734,60.35,66,23,7.85
157,Szentkiraly,HU,2022-07-10 01:43:43,46.9189,19.9185,64.94,64,0,9.22
158,Mahebourg,MU,2022-07-10 01:43:44,-20.4081,57.7,68.29,73,40,16.11
159,San Carlos De Bariloche,AR,2022-07-10 01:43:44,-41.1456,-71.3082,37.15,87,75,9.22
160,Atasu,KZ,2022-07-10 01:43:44,48.6814,71.6433,64.85,62,17,11.43
161,Ostersund,SE,2022-07-10 01:43:45,63.1792,14.6357,48.65,100,75,11.5
162,Hobbs,US,2022-07-10 01:43:45,32.7026,-103.136,93.79,28,0,8.05
163,Touros,BR,2022-07-10 01:43:45,-5.1989,-35.4608,75.88,84,21,11.03
164,Buchanan,LR,2022-07-10 01:43:46,5.8808,-10.0467,75.67,83,100,11.1
165,Port Lincoln,AU,2022-07-10 01:43:46,-34.7333,135.8667,54.39,62,100,17.69
166,Kherson,UA,2022-07-10 01:43:46,46.6558,32.6178,66.4,75,100,16.93
167,Kutum,SD,2022-07-10 01:43:47,14.2,24.6667,78.21,43,83,5.28
168,Zhigalovo,RU,2022-07-10 01:43:47,54.8097,105.1578,64.9,66,31,3.83
169,Neuquen,AR,2022-07-10 01:39:46,-38.9516,-68.0591,40.89,65,0,3.44
170,Kidal,ML,2022-07-10 01:43:47,18.4411,1.4078,88.16,28,65,10.94
171,Severodvinsk,RU,2022-07-10 01:43:48,64.5635,39.8302,55.11,72,95,6.55
172,Aklavik,CA,2022-07-10 01:43:48,68.2191,-135.0107,67.46,50,13,15.68
173,Pitimbu,BR,2022-07-10 01:43:48,-7.4706,-34.8086,73.99,84,49,14.67
174,Maumere,ID,2022-07-10 01:43:49,-8.6199,122.2111,81.46,71,100,4.94
175,Cabedelo,BR,2022-07-10 01:43:49,-6.9811,-34.8339,74.07,85,25,14.88
176,Pemangkat,ID,2022-07-10 01:43:50,1.1667,108.9667,82.9,68,24,5.5
177,Port Hardy,CA,2022-07-10 01:43:50,50.6996,-127.4199,60.98,88,100,6.91
178,Pundaguitan,PH,2022-07-10 01:43:50,6.3711,126.1689,83.44,70,21,6.96
179,Hurricane,US,2022-07-10 01:42:54,37.1753,-113.2899,104.34,14,7,14.56
180,Bethel,US,2022-07-10 01:43:51,41.3712,-73.414,74.48,57,0,4.61
181,Talcahuano,CL,2022-07-10 01:40:15,-36.7167,-73.1167,47.88,81,40,4.61
182,Buraydah,SA,2022-07-10 01:43:51,26.326,43.975,82.85,7,34,7.92
183,Phulabani,IN,2022-07-10 01:43:51,20.4667,84.2333,77.94,85,54,1.9
184,Puerto Escondido,MX,2022-07-10 01:39:31,15.85,-97.0667,83.23,69,75,6.91
185,Chuy,UY,2022-07-10 01:44:52,-33.6971,-53.4616,61.99,91,87,14.88
186,Portland,US,2022-07-10 01:43:46,45.5234,-122.6762,79.61,52,0,9.22
187,Beloha,MG,2022-07-10 01:44:52,-25.1667,45.05,57.76,71,0,6.91
188,Saint-Pierre,RE,2022-07-10 01:44:53,-21.3393,55.4781,66.9,72,20,12.66
189,Saskylakh,RU,2022-07-10 01:44:53,71.9167,114.0833,52.81,67,100,6.35
190,Mayya,RU,2022-07-10 01:44:53,61.7333,130.2811,65.52,57,100,6.15
191,Port Elizabeth,ZA,2022-07-10 01:44:54,-33.918,25.5701,61.32,80,0,23.02
192,Tiznit,MA,2022-07-10 01:44:54,29.5833,-9.5,86.99,20,28,2.01
193,Doha,QA,2022-07-10 01:44:54,25.2867,51.5333,96.78,23,0,4.61
194,Souillac,MU,2022-07-10 01:44:55,-20.5167,57.5167,68.38,73,40,16.11
195,Panaba,MX,2022-07-10 01:44:55,21.2833,-88.2667,77.29,86,26,7.49
196,Havoysund,NO,2022-07-10 01:44:55,70.9963,24.6622,52.03,80,46,6.04
197,Clyde River,CA,2022-07-10 01:44:56,70.4692,-68.5914,41.23,75,0,8.05
198,Miri,MY,2022-07-10 01:44:56,4.4148,114.0089,82.54,74,20,5.75
199,Baillif,GP,2022-07-10 01:44:56,16.0202,-61.7463,79.65,81,95,12.97
200,Tilichiki,RU,2022-07-10 01:44:57,60.4667,166.1,66.18,50,29,21.0
201,Nouadhibou,MR,2022-07-10 01:44:57,20.931,-17.0347,67.98,94,75,9.22
202,Tsogni,GA,2022-07-10 01:44:57,-2.7942,10.0988,67.5,94,50,4.7
203,Kinshasa,CD,2022-07-10 01:39:58,-4.3246,15.3215,70.12,88,36,5.75
204,Alpharetta,US,2022-07-10 01:42:21,34.0754,-84.2941,82.08,88,100,3.96
205,Lumeje,AO,2022-07-10 01:44:58,-11.55,20.7833,54.05,54,0,4.7
206,San Quintin,MX,2022-07-10 01:44:58,30.4833,-115.95,68.9,78,7,15.99
207,Tulagi,SB,2022-07-10 01:44:58,-9.0996,160.1476,82.18,72,11,9.57
208,Novosheshminsk,RU,2022-07-10 01:44:59,55.0651,51.2338,65.8,86,100,1.9
209,Veracruz,MX,2022-07-10 01:42:38,19.3333,-96.6667,71.69,91,5,2.84
210,Karaton,ID,2022-07-10 01:44:59,-6.3424,106.1045,81.79,65,43,1.83
211,Saint George,US,2022-07-10 01:42:46,37.1041,-113.5841,105.64,10,0,13.8
212,Port Macquarie,AU,2022-07-10 01:45:00,-31.4333,152.9167,60.48,60,2,11.7
213,Kilimatinde,TZ,2022-07-10 01:45:00,-5.85,34.95,55.81,71,0,1.39
214,Bengkulu,ID,2022-07-10 01:45:00,-3.8004,102.2655,80.06,72,97,4.43
215,Malayal,PH,2022-07-10 01:45:01,7.208,121.942,82.2,67,99,6.6
216,Sakakah,SA,2022-07-10 01:45:01,29.9697,40.2064,76.57,24,0,8.48
217,Port Blair,IN,2022-07-10 01:45:01,11.6667,92.75,82.02,81,100,21.65
218,Bonavista,CA,2022-07-10 01:45:02,48.6499,-53.1147,54.12,85,49,14.23
219,Coruripe,BR,2022-07-10 01:45:02,-10.1256,-36.1756,73.71,85,45,15.21
220,Obo,CF,2022-07-10 01:45:03,5.3998,26.4869,65.97,96,95,0.49
221,Bara,NG,2022-07-10 01:45:03,10.3744,10.7288,74.64,87,100,8.93
222,Whitehorse,CA,2022-07-10 01:44:25,60.7161,-135.0538,71.02,37,75,10.36
223,Dunedin,NZ,2022-07-10 01:44:24,-45.8742,170.5036,49.8,43,7,5.01
224,Damavand,IR,2022-07-10 01:45:04,35.7178,52.065,67.57,39,0,0.87
225,Shchors,UA,2022-07-10 01:45:05,51.8186,31.945,56.12,97,100,6.2
226,La Ronge,CA,2022-07-10 01:45:05,55.1001,-105.2842,79.05,31,40,8.05
227,Yumen,CN,2022-07-10 01:45:05,40.2833,97.2,83.01,21,96,6.29
228,Cedar City,US,2022-07-10 01:45:06,37.6775,-113.0619,90.57,13,0,17.27
229,Severomuysk,RU,2022-07-10 01:45:06,56.1481,113.4267,48.11,89,100,4.74
230,Sungaipenuh,ID,2022-07-10 01:45:07,-2.0833,101.3833,71.94,69,72,2.37
231,Mutum,BR,2022-07-10 01:45:07,-19.8,-41.4383,67.89,82,100,3.83
232,Bardiyah,LY,2022-07-10 01:45:07,31.7561,25.0865,75.9,76,0,14.88
233,Alihe,CN,2022-07-10 01:45:08,50.5667,123.7167,67.66,60,92,8.08
234,Santa Maria,BR,2022-07-10 01:46:08,-29.6842,-53.8069,65.5,77,0,3.44
235,Ljungby,SE,2022-07-10 01:46:09,56.8332,13.9408,52.21,88,10,4.12
236,Margate,GB,2022-07-10 01:46:09,51.3813,1.3862,58.69,89,0,3.76
237,Severo-Kurilsk,RU,2022-07-10 01:46:09,50.6789,156.125,60.35,81,98,11.99
238,Keetmanshoop,NA,2022-07-10 01:46:10,-26.5833,18.1333,45.54,65,3,13.51
239,Westport,US,2022-07-10 01:43:29,41.1415,-73.3579,74.97,57,0,3.44
240,Tulum,MX,2022-07-10 01:46:10,20.2167,-87.4667,78.49,85,18,5.35
241,High Level,CA,2022-07-10 01:45:36,58.5169,-117.136,71.71,49,75,8.05
242,Halifax,CA,2022-07-10 01:42:28,44.6453,-63.5724,62.6,69,0,2.3
243,Tiksi,RU,2022-07-10 01:46:11,71.6872,128.8694,56.84,51,100,7.34
244,Walvis Bay,NA,2022-07-10 01:46:11,-22.9575,14.5053,53.1,87,0,4.61
245,Provideniya,RU,2022-07-10 01:46:11,64.3833,-173.3,49.62,89,100,11.79
246,Bandraboua,YT,2022-07-10 01:46:12,-12.7044,45.1223,76.68,68,77,16.46
247,Fortuna,US,2022-07-10 01:46:12,40.5982,-124.1573,68.86,78,75,7.0
248,Xichang,CN,2022-07-10 01:46:13,27.8964,102.2634,74.88,76,32,2.62
249,Chapais,CA,2022-07-10 01:46:13,49.7834,-74.8492,60.58,57,7,4.38
250,Machali,CL,2022-07-10 01:46:13,-34.1833,-70.6667,43.34,94,100,4.59
251,Pisco,PE,2022-07-10 01:46:14,-13.7,-76.2167,60.85,88,20,11.5
252,Rawson,AR,2022-07-10 01:46:14,-43.3002,-65.1023,47.79,59,100,3.24
253,Tarakan,ID,2022-07-10 01:46:15,3.3,117.6333,80.1,83,75,1.14
254,Padang,ID,2022-07-10 01:46:15,-0.9492,100.3543,77.05,74,91,0.72
255,Hershey,US,2022-07-10 01:46:15,40.2859,-76.6503,71.85,84,0,3.44
256,Castro,BR,2022-07-10 01:46:16,-24.7911,-50.0119,54.28,84,54,2.98
257,Eidfjord,NO,2022-07-10 01:46:16,60.4675,7.0719,50.67,96,100,4.7
258,Marystown,CA,2022-07-10 01:46:17,47.1666,-55.1483,55.85,100,17,11.56
259,Palmer,US,2022-07-10 01:46:17,42.1584,-72.3287,71.15,66,20,5.75
260,Snyder,US,2022-07-10 01:46:17,32.7179,-100.9176,97.14,26,0,6.91
261,Kushiro,JP,2022-07-10 01:42:14,42.975,144.3747,63.55,100,75,9.22
262,Lazaro Cardenas,MX,2022-07-10 01:45:44,17.9583,-102.2,81.23,81,54,6.64
263,Khatanga,RU,2022-07-10 01:46:18,71.9667,102.5,49.24,82,100,4.45
264,Shwebo,MM,2022-07-10 01:46:18,22.5667,95.7,85.39,65,20,10.87
265,Filadelfia,US,2022-07-10 01:46:08,39.9523,-75.1638,72.48,86,100,3.24
266,Riberalta,BO,2022-07-10 01:46:19,-10.9833,-66.1,77.09,57,36,0.22
267,Cherskiy,RU,2022-07-10 01:46:19,68.75,161.3,50.86,50,84,11.83
268,Broken Hill,AU,2022-07-10 01:46:20,-31.95,141.4333,51.66,50,0,5.99
269,Heishan,CN,2022-07-10 01:46:20,41.6892,122.1128,80.47,71,100,13.91
270,Caborca,MX,2022-07-10 01:44:04,30.5838,-111.101,93.24,31,11,10.29
271,Solano,US,2022-07-10 01:46:20,38.2333,-121.9511,90.9,57,0,21.85
272,Thompson,CA,2022-07-10 01:46:12,55.7435,-97.8558,71.76,78,100,3.44
273,Hirara,JP,2022-07-10 01:46:21,24.8,125.2833,87.66,79,75,12.66
274,Qaqortoq,GL,2022-07-10 01:46:22,60.7167,-46.0333,41.74,92,23,1.99
275,Elat,IL,2022-07-10 01:46:22,29.5581,34.9482,80.44,32,0,9.22
276,Portalegre,PT,2022-07-10 01:46:22,39.2938,-7.4312,73.76,26,0,4.21
277,Riyadh,SA,2022-07-10 01:45:36,24.6877,46.7219,84.34,14,100,8.48
278,Fairbanks,US,2022-07-10 01:42:49,64.8378,-147.7164,71.6,56,100,4.61
279,Kavieng,PG,2022-07-10 01:46:24,-2.5744,150.7967,84.76,64,75,11.68
280,Inhambane,MZ,2022-07-10 01:46:24,-23.865,35.3833,64.49,81,0,6.29
281,Leningradskiy,RU,2022-07-10 01:46:24,69.3833,178.4167,35.87,92,100,7.99
282,Johnshaven,GB,2022-07-10 01:47:54,56.7949,-2.3358,62.89,83,17,5.28
283,Glendive,US,2022-07-10 01:47:54,47.1053,-104.7125,85.62,57,0,10.36
284,Mambolo,SL,2022-07-10 01:47:55,8.9231,-13.0444,77.29,94,99,1.3
285,Rocha,UY,2022-07-10 01:47:55,-34.4833,-54.3333,63.05,92,76,16.93
286,Slave Lake,CA,2022-07-10 01:45:04,55.2834,-114.769,71.58,40,0,10.36
287,Comodoro Rivadavia,AR,2022-07-10 01:47:56,-45.8667,-67.5,46.26,81,100,13.8
288,Minab,IR,2022-07-10 01:47:56,27.1467,57.0801,89.92,66,17,0.0
289,Praia,CV,2022-07-10 01:47:56,14.9215,-23.5087,75.74,83,75,11.5
290,Smithers,CA,2022-07-10 01:47:57,54.7804,-127.1743,66.52,48,40,9.22
291,Joigny,FR,2022-07-10 01:47:57,47.9829,3.401,56.8,76,4,7.43
292,Conneaut,US,2022-07-10 01:43:45,41.9476,-80.5542,70.25,52,2,15.95
293,Conde,BR,2022-07-10 01:47:17,-7.2597,-34.9075,72.86,100,100,4.61
294,Aripuana,BR,2022-07-10 01:47:58,-9.1667,-60.6333,75.07,59,14,0.76
295,Kelso,US,2022-07-10 01:47:58,46.1468,-122.9084,76.96,65,0,13.8
296,Meulaboh,ID,2022-07-10 01:47:58,4.1363,96.1285,79.88,73,98,3.27
297,Black River,JM,2022-07-10 01:47:59,18.0264,-77.8487,80.08,69,100,5.93
298,Safranbolu,TR,2022-07-10 01:47:59,41.2508,32.6942,62.35,97,99,2.1
299,Ossora,RU,2022-07-10 01:47:59,59.2353,163.0719,65.16,77,60,7.54
300,Hilo,US,2022-07-10 01:47:07,19.7297,-155.09,86.29,73,100,6.91
301,Alice Springs,AU,2022-07-10 01:44:05,-23.7,133.8833,53.15,43,0,18.41
302,Anadyr,RU,2022-07-10 01:48:00,64.75,177.4833,55.9,94,75,8.95
303,Rockhampton,AU,2022-07-10 01:48:00,-23.3833,150.5,62.49,45,0,12.66
304,Hofn,IS,2022-07-10 01:48:00,64.2539,-15.2082,49.68,94,100,8.21
305,Eureka,US,2022-07-10 01:48:01,40.8021,-124.1637,69.13,77,15,7.0
306,Batesville,US,2022-07-10 01:44:36,35.7698,-91.641,86.41,62,0,10.36
307,Almaty,KZ,2022-07-10 01:48:01,43.25,76.95,71.51,43,75,2.24
308,Quang Ngai,VN,2022-07-10 01:48:02,15.1167,108.8,76.82,93,100,5.06
309,Tautira,PF,2022-07-10 01:48:02,-17.7333,-149.15,77.09,72,89,17.67
310,Noumea,NC,2022-07-10 01:48:02,-22.2763,166.4572,84.18,99,89,1.03
311,Vostok,RU,2022-07-10 01:48:03,46.4856,135.8833,76.93,53,96,2.15
312,Bulgan,MN,2022-07-10 01:48:03,48.8125,103.5347,61.2,70,100,4.5
313,Havre,FR,2022-07-10 01:48:04,49.5833,0.3333,58.77,88,0,6.91
314,Mar Del Plata,AR,2022-07-10 01:48:04,-38.0023,-57.5575,55.09,94,100,8.01
315,Kiama,AU,2022-07-10 01:48:05,-34.6833,150.8667,61.0,88,69,3.0
316,Vanderhoof,CA,2022-07-10 01:45:21,54.0166,-124.0198,68.16,41,61,9.37
317,Gidole,ET,2022-07-10 01:48:05,5.65,37.3667,55.67,71,99,1.39
318,Yerbogachen,RU,2022-07-10 01:48:05,61.2767,108.0108,68.5,43,4,4.03
319,Mount Gambier,AU,2022-07-10 01:48:06,-37.8333,140.7667,52.63,64,100,8.7
320,Gunjur,GM,2022-07-10 01:48:06,13.2019,-16.7339,79.2,81,86,10.58
321,Pangody,RU,2022-07-10 01:48:07,65.85,74.4859,63.95,60,9,8.57
322,Jati,PK,2022-07-10 01:48:07,24.3539,68.2671,82.36,84,100,11.7
323,San Patricio,US,2022-07-10 01:48:08,28.017,-97.5169,89.19,67,97,13.82
324,Itambe,BR,2022-07-10 01:48:08,-15.245,-40.6244,64.65,93,98,2.59
325,Taoudenni,ML,2022-07-10 01:48:08,22.6783,-3.9836,98.06,8,69,7.45
326,Jieshi,CN,2022-07-10 01:48:09,22.8134,115.8257,85.17,78,33,5.97
327,Gore,NZ,2022-07-10 01:48:09,-46.1028,168.9436,44.37,65,10,2.28
328,Saint-Ambroise,CA,2022-07-10 01:49:10,48.5501,-71.3324,62.2,48,6,8.05
329,Sakaiminato,JP,2022-07-10 01:49:10,35.55,133.2333,82.38,74,75,5.75
330,Betsiamites,CA,2022-07-10 01:49:11,48.9413,-68.646,60.89,61,79,8.79
331,Seoul,KR,2022-07-10 01:49:11,37.5683,126.9778,87.19,68,40,2.3
332,Shellbrook,CA,2022-07-10 01:49:12,53.2168,-106.4011,78.03,76,0,9.13
333,Faya,SA,2022-07-10 01:49:12,18.3851,42.4509,64.51,33,100,10.4
334,Petropavl,KZ,2022-07-10 01:49:12,54.8753,69.1628,67.98,73,0,4.47
335,Ahome,MX,2022-07-10 01:49:13,25.9167,-109.1833,90.3,52,12,4.81
336,Muros,ES,2022-07-10 01:49:13,42.7762,-9.0603,65.08,86,71,2.89
337,Havelock,US,2022-07-10 01:46:09,34.8791,-76.9013,84.18,91,75,9.22
338,Los Llanos De Aridane,ES,2022-07-10 01:49:14,28.6585,-17.9182,65.95,94,0,20.71
339,Prince Rupert,CA,2022-07-10 01:45:17,54.3161,-130.3201,59.09,83,100,18.41
340,Lavrentiya,RU,2022-07-10 01:49:14,65.5833,-171.0,51.58,79,100,11.7
341,Kampene,CD,2022-07-10 01:49:14,-3.6,26.6667,65.55,56,0,2.08
342,Ankola,IN,2022-07-10 01:49:15,14.6667,74.3,77.54,88,100,16.33
343,Bosaso,SO,2022-07-10 01:49:15,11.2842,49.1816,86.47,43,100,25.52
344,Druzhba,UA,2022-07-10 01:49:16,52.0428,33.9453,57.43,91,100,3.89
345,Muriwai Beach,NZ,2022-07-10 01:49:16,-36.8167,174.45,64.96,76,6,5.23
346,Oistins,BB,2022-07-10 01:49:17,13.0667,-59.5333,82.49,78,20,23.02
347,Washougal,US,2022-07-10 01:45:21,45.5826,-122.3534,79.47,52,83,5.99
348,Satun,TH,2022-07-10 01:49:17,6.8333,100.0,80.6,92,100,2.64
349,Longyearbyen,SJ,2022-07-10 01:49:17,78.2186,15.6401,42.64,75,75,12.66
350,Holme,DK,2022-07-10 01:49:18,56.1138,10.1725,51.37,77,1,17.09
351,Kaniama,CD,2022-07-10 01:49:18,-7.5667,24.1833,63.12,46,1,3.94
352,Belturbet,IE,2022-07-10 01:49:18,54.1,-7.45,56.97,98,52,2.73
353,Rampura,IN,2022-07-10 01:49:19,30.25,75.2333,81.03,78,100,10.87
354,Poum,NC,2022-07-10 01:49:19,-20.2333,164.0167,78.78,82,80,20.71
355,Roma,US,2022-07-10 01:49:19,43.2128,-75.4557,64.54,66,0,6.91
356,Las Margaritas,MX,2022-07-10 01:49:20,16.3167,-91.9833,61.56,96,51,7.18
357,Funchal,PT,2022-07-10 01:49:20,32.6333,-16.9,75.13,88,40,3.44
358,Grand Gaube,MU,2022-07-10 01:49:21,-20.0064,57.6608,68.4,75,52,8.99
359,Foki,RU,2022-07-10 01:49:21,56.693,54.3499,66.6,80,1,2.77
360,Sitka,US,2022-07-10 01:49:21,57.0531,-135.33,57.09,82,100,6.91
361,Providencia,MX,2022-07-10 01:49:22,28.7167,-111.5833,98.2,58,10,12.88
362,Pevek,RU,2022-07-10 01:49:22,69.7008,170.3133,32.07,97,100,17.2
363,Bendigo,AU,2022-07-10 01:49:22,-36.7667,144.2833,57.85,54,0,4.0
364,Caravelas,BR,2022-07-10 01:49:23,-17.7125,-39.2481,70.12,84,2,6.17
365,Santo Domingo,DO,2022-07-10 01:48:19,18.5001,-69.9886,78.48,89,75,11.5
366,Namie,JP,2022-07-10 01:49:23,37.4833,141.0,88.72,69,50,7.38
367,Jesup,US,2022-07-10 01:49:23,31.6074,-81.8854,75.13,88,0,0.0
368,Kruisfontein,ZA,2022-07-10 01:49:24,-34.0033,24.7314,57.88,88,48,5.53
369,Waipawa,NZ,2022-07-10 01:49:24,-41.4122,175.5153,46.17,61,100,6.78
370,Alta Floresta,BR,2022-07-10 01:50:24,-9.8756,-56.0861,78.31,47,74,2.44
371,Bellevue,US,2022-07-10 01:50:25,47.6104,-122.2007,77.49,58,20,10.36
372,Komsomolskiy,UZ,2022-07-10 01:50:25,40.4272,71.7189,79.52,27,46,6.91
373,Qasigiannguit,GL,2022-07-10 01:50:26,68.8193,-51.1922,36.59,91,94,3.31
374,Cam Ranh,VN,2022-07-10 01:50:26,11.9214,109.1591,84.16,70,75,1.14
375,Lianyuan,CN,2022-07-10 01:50:26,27.6883,111.6642,88.83,68,2,6.15
376,Katsuura,JP,2022-07-10 01:50:27,35.1333,140.3,78.33,81,90,11.7
377,Amahai,ID,2022-07-10 01:50:27,-3.3333,128.9167,77.97,91,100,6.35
378,Lasa,IT,2022-07-10 01:50:27,46.6166,10.7002,65.28,91,59,6.49
379,Miram Shah,PK,2022-07-10 01:50:28,33.0086,70.0697,80.35,65,26,3.22
380,Lorengau,PG,2022-07-10 01:50:28,-2.0226,147.2712,84.87,67,87,12.06
381,College,US,2022-07-10 01:49:24,64.8569,-147.8028,71.58,56,100,4.61
382,Southbridge,US,2022-07-10 01:50:28,42.0751,-72.0334,69.91,86,53,1.5
383,Sioux Lookout,CA,2022-07-10 01:50:29,50.1001,-91.917,73.47,53,75,3.44
384,Nyahururu,KE,2022-07-10 01:50:29,0.0421,36.3673,49.84,88,95,3.89
385,Camocim,BR,2022-07-10 01:50:29,-2.9022,-40.8411,76.69,81,92,10.67
386,Benguela,AO,2022-07-10 01:50:30,-12.5763,13.4055,66.69,91,7,2.86
387,Tabou,CI,2022-07-10 01:50:30,4.423,-7.3528,75.74,77,100,8.59
388,Natal,BR,2022-07-10 01:49:47,-5.795,-35.2094,77.22,94,75,9.22
389,Sao Joao Da Barra,BR,2022-07-10 01:50:30,-21.6403,-41.0511,71.67,82,15,16.02
390,Zandvoort,NL,2022-07-10 01:50:31,52.3749,4.5341,60.04,75,20,6.91
391,San Policarpo,PH,2022-07-10 01:50:31,12.1791,125.5072,86.45,64,58,2.55
392,Suntar,RU,2022-07-10 01:50:32,62.1444,117.6319,59.11,96,100,2.91
393,Sorland,NO,2022-07-10 01:50:32,67.667,12.6934,51.66,83,0,4.94
394,Nara,JP,2022-07-10 01:46:43,34.6851,135.8049,86.5,55,50,1.21
395,Codrington,AU,2022-07-10 01:50:32,-38.2667,141.9667,54.61,66,9,8.48
396,Esperance,AU,2022-07-10 01:50:33,-33.8667,121.9,58.87,63,3,22.73
397,Nemuro,JP,2022-07-10 01:50:33,43.3236,145.575,58.51,99,100,15.88
398,Lattes,FR,2022-07-10 01:50:33,43.5675,3.9046,78.01,36,0,6.91
399,Brentwood,US,2022-07-10 01:46:33,40.7812,-73.2462,74.97,74,75,4.61
400,Klaksvik,FO,2022-07-10 01:50:34,62.2266,-6.589,52.72,98,100,5.26
401,Meybod,IR,2022-07-10 01:50:34,32.2501,54.0166,86.02,15,3,13.65
402,Ust-Nera,RU,2022-07-10 01:50:35,64.5667,143.2,72.3,39,53,2.46
403,Svarstad,NO,2022-07-10 01:50:35,59.399,9.9698,57.09,72,27,4.88
404,Shatrovo,RU,2022-07-10 01:50:35,56.5167,64.6333,68.94,77,76,3.38
405,Saint-Denis,FR,2022-07-10 01:50:36,48.9167,2.3333,64.08,74,0,11.5
406,Isangel,VU,2022-07-10 01:50:36,-19.55,169.2667,81.09,67,36,12.44
407,Mosquera,CO,2022-07-10 01:50:37,4.7059,-74.2302,59.09,67,20,4.61
408,Northam,GB,2022-07-10 01:50:37,51.0333,-4.2167,58.39,89,0,5.73
409,Sao Filipe,CV,2022-07-10 01:50:37,14.8961,-24.4956,73.81,83,31,8.52
410,Kahului,US,2022-07-10 01:50:38,20.8947,-156.47,87.82,63,20,24.16
411,Akdepe,TM,2022-07-10 01:50:38,42.0551,59.3788,71.69,38,2,8.28
412,Boende,CD,2022-07-10 01:50:38,-0.2167,20.8667,72.57,81,62,1.63
413,Yanam,IN,2022-07-10 01:50:39,16.7333,82.2167,75.87,85,100,13.13
414,Ahipara,NZ,2022-07-10 01:50:39,-35.1667,173.1667,63.19,71,100,5.64
415,Ostrovnoy,RU,2022-07-10 01:50:39,68.0531,39.5131,48.09,87,74,4.52
416,Flinders,AU,2022-07-10 01:50:40,-34.5833,150.8552,59.18,84,71,7.0
417,Pointe-Noire,CG,2022-07-10 01:51:40,-4.7761,11.8635,68.07,100,75,0.0
418,Ormara,PK,2022-07-10 01:51:40,25.2088,64.6357,82.94,82,95,4.5
419,Bambous Virieux,MU,2022-07-10 01:51:41,-20.3428,57.7575,68.25,73,40,16.11
420,Newport,GB,2022-07-10 01:51:30,51.5877,-2.9984,61.34,72,0,8.68
421,Shelburne,CA,2022-07-10 01:51:41,44.0787,-80.2041,65.19,79,0,2.15
422,Nouakchott,MR,2022-07-10 01:51:41,18.0858,-15.9785,75.13,88,10,14.07
423,Moron,AR,2022-07-10 01:51:42,-34.6534,-58.6198,64.96,93,1,9.28
424,Salalah,OM,2022-07-10 01:50:09,17.0151,54.0924,77.59,93,100,14.56
425,Houma,US,2022-07-10 01:48:48,29.5958,-90.7195,86.0,77,0,4.61
426,Rong Kwang,TH,2022-07-10 01:51:42,18.339,100.3174,76.48,97,100,0.96
427,Ravar,IR,2022-07-10 01:51:43,31.2656,56.8055,83.77,13,3,3.74
428,Terra Santa,BR,2022-07-10 01:51:43,-2.1042,-56.4869,78.64,72,91,0.96
429,Nancha,CN,2022-07-10 01:51:43,47.1333,129.2667,83.55,34,0,6.4
430,Flagstaff,US,2022-07-10 01:51:44,35.1981,-111.6513,87.46,27,0,3.44
431,Tiarei,PF,2022-07-10 01:51:44,-17.5333,-149.3333,82.42,73,42,20.11
432,Bien Unido,PH,2022-07-10 01:51:44,10.1373,124.3776,84.22,75,75,11.01
433,Aloleng,PH,2022-07-10 01:51:45,16.1307,119.7824,84.42,73,38,1.63
434,Santa Maria Da Vitoria,BR,2022-07-10 01:51:45,-13.3947,-44.1886,71.02,69,96,7.09
435,Kailua,US,2022-07-10 01:48:17,21.4022,-157.7394,85.98,73,75,12.66
436,Avera,US,2022-07-10 01:51:46,33.194,-82.5271,77.05,77,83,7.07
437,Samarai,PG,2022-07-10 01:51:46,-10.6167,150.6667,82.72,72,30,8.61
438,Viedma,AR,2022-07-10 01:51:46,-40.8135,-62.9967,47.5,63,100,6.98
439,Christchurch,NZ,2022-07-10 01:51:47,-43.5333,172.6333,49.32,64,75,5.75
440,Jalor,IN,2022-07-10 01:51:47,25.35,72.6167,82.31,78,100,10.13
441,Abu Dhabi,AE,2022-07-10 01:51:48,24.4667,54.3667,93.22,67,0,4.61
442,San Jeronimo,PE,2022-07-10 01:51:48,-11.9472,-75.2829,46.94,81,70,4.74
443,Aquidauana,BR,2022-07-10 01:51:48,-20.4711,-55.7872,75.69,42,6,5.06
444,Balad,IQ,2022-07-10 01:51:49,34.0164,44.1453,89.71,22,0,15.32
445,Catamarca,AR,2022-07-10 01:51:49,-28.4696,-65.7852,87.78,10,0,8.01
446,Quatre Cocos,MU,2022-07-10 01:51:49,-20.2078,57.7625,68.11,64,61,20.65
447,Mayo,US,2022-07-10 01:51:50,38.8876,-76.5119,71.94,92,100,0.0
448,Ponta Do Sol,PT,2022-07-10 01:51:50,32.6667,-17.1,75.13,44,2,2.51
449,Fukue,JP,2022-07-10 01:51:50,32.6881,128.8419,84.56,70,75,5.75
450,Manggar,ID,2022-07-10 01:51:51,-2.8833,108.2667,84.13,68,81,10.67
451,Neyyattinkara,IN,2022-07-10 01:51:51,8.4,77.0833,78.66,85,95,12.46
452,Nioro,GM,2022-07-10 01:51:51,13.35,-15.75,76.23,88,11,5.1
453,Tulsipur,NP,2022-07-10 01:51:52,28.131,82.2973,81.86,67,60,1.92
454,Santa Teresita,PH,2022-07-10 01:51:52,13.8664,120.9814,81.93,79,20,4.59
455,Dicabisagan,PH,2022-07-10 01:51:53,17.0818,122.4157,87.44,68,42,5.86
456,Nome,US,2022-07-10 01:51:53,64.5011,-165.4064,73.17,58,0,19.57
457,Kenai,US,2022-07-10 01:51:44,60.5544,-151.2583,69.89,52,100,11.5
458,Balikpapan,ID,2022-07-10 01:48:30,-1.2675,116.8289,81.59,83,20,4.61
459,Waycross,US,2022-07-10 01:51:53,31.2136,-82.354,75.45,100,95,5.68
460,Sorong,ID,2022-07-10 01:51:54,-0.8833,131.25,81.88,76,13,3.31
461,Jinka,ET,2022-07-10 01:51:54,5.65,36.65,62.69,68,90,3.24
462,Ambilobe,MG,2022-07-10 01:51:54,-13.2,49.05,66.22,71,9,6.29
463,Tuatapere,NZ,2022-07-10 01:51:55,-46.1333,167.6833,45.23,62,7,3.87
464,Ahuimanu,US,2022-07-10 01:51:55,21.4447,-157.8378,85.71,71,75,19.57
465,Dancalan,PH,2022-07-10 01:52:55,9.9821,122.7386,81.66,82,100,11.36
466,Najran,SA,2022-07-10 01:52:56,17.4924,44.1277,84.85,34,100,9.91
467,Amazar,RU,2022-07-10 01:52:56,53.858,120.875,59.22,97,100,1.3
468,Dospat,BG,2022-07-10 01:52:57,41.65,24.1667,48.16,88,94,5.61
469,Tukrah,LY,2022-07-10 01:52:57,32.5341,20.5791,77.9,66,0,15.82
470,Vardo,NO,2022-07-10 01:52:57,70.3705,31.1107,49.98,87,27,2.3
471,Nang Rong,TH,2022-07-10 01:52:58,14.6377,102.7914,79.59,78,99,7.25
472,Istra,RU,2022-07-10 01:52:58,55.9178,36.8642,64.15,96,100,1.99
473,Vao,NC,2022-07-10 01:52:58,-22.6667,167.4833,76.44,75,95,19.6
474,Hasaki,JP,2022-07-10 01:52:59,35.7333,140.8333,86.29,88,100,12.97
475,Lukoyanov,RU,2022-07-10 01:52:59,55.0277,44.4786,62.51,89,12,2.28
476,Barcelos,PT,2022-07-10 01:52:59,41.5388,-8.6151,74.84,54,17,2.13
477,Bonwapitse,BW,2022-07-10 01:53:00,-23.0766,26.7037,50.5,69,0,9.13
478,Bongandanga,CD,2022-07-10 01:53:00,1.5,21.05,70.93,87,60,2.33
479,Awbari,LY,2022-07-10 01:53:01,26.5921,12.7805,86.2,31,17,18.16
480,Lagoa,PT,2022-07-10 01:53:01,39.05,-27.9833,67.55,70,96,9.08
481,Belmonte,BR,2022-07-10 01:53:01,-15.8631,-38.8828,71.4,82,9,6.78
482,Aden,YE,2022-07-10 01:48:24,12.7794,45.0367,88.56,59,100,16.67
483,Dolores Hidalgo,MX,2022-07-10 01:53:02,21.1561,-100.9308,66.49,63,44,15.41
484,Carmo Do Rio Claro,BR,2022-07-10 01:53:02,-20.9719,-46.1189,58.71,62,6,2.17
485,San Rafael Del Sur,NI,2022-07-10 01:53:03,11.8485,-86.4384,83.37,76,65,10.89
486,Opaka,BG,2022-07-10 01:53:03,43.45,26.1667,59.25,84,100,4.09
487,Pinheiro Machado,BR,2022-07-10 01:53:04,-31.5783,-53.3811,58.05,91,97,10.98
488,Belize,BZ,2022-07-10 01:53:04,17.25,-88.75,80.92,96,4,2.73
489,Yongchang,CN,2022-07-10 01:53:05,30.0381,119.7317,94.26,55,8,6.69
490,Rio Grande,BR,2022-07-10 01:53:05,-32.035,-52.0986,59.95,91,100,15.77
491,Kigoma,TZ,2022-07-10 01:53:07,-4.8769,29.6267,63.19,88,0,0.0
492,Sangar,RU,2022-07-10 01:53:07,63.9242,127.4739,59.14,79,100,3.6
493,Alghero,IT,2022-07-10 01:53:07,40.5589,8.3181,64.49,88,0,2.3
494,Jalu,LY,2022-07-10 01:53:08,29.0331,21.5482,75.83,56,0,11.81
495,Buy,RU,2022-07-10 01:53:08,58.4786,41.53,59.88,90,99,4.36
496,Vinh Long,VN,2022-07-10 01:52:54,10.25,105.9667,80.58,86,100,12.73
497,Quezon,PH,2022-07-10 01:53:09,7.7303,125.0989,81.41,76,73,4.68
498,Krasnoselkup,RU,2022-07-10 01:53:09,65.7,82.4667,57.45,60,26,17.49
499,Lamar,US,2022-07-10 01:53:09,33.6668,-95.5836,96.71,34,0,8.05
500,Aseri,EE,2022-07-10 01:53:10,59.4506,26.8675,56.39,83,100,5.35
501,Erzin,TR,2022-07-10 01:53:10,36.9559,36.2,73.02,91,47,3.31
502,Imbituba,BR,2022-07-10 01:53:11,-28.24,-48.6703,62.1,99,16,11.99
503,Itarema,BR,2022-07-10 01:53:11,-2.9248,-39.9167,78.01,78,94,12.62
504,Eltham,NZ,2022-07-10 01:53:11,-39.4292,174.3,57.96,92,100,3.6
505,Hamilton,US,2022-07-10 01:53:12,39.1834,-84.5333,75.83,82,5,1.01
506,Astana,KZ,2022-07-10 01:51:15,51.1801,71.446,64.35,72,20,4.47
507,Manzhouli,CN,2022-07-10 01:53:12,49.6,117.4333,69.67,49,6,15.48
508,Marawi,PH,2022-07-10 01:53:13,7.9986,124.2928,78.85,72,97,7.0
509,Bouna,CI,2022-07-10 01:53:13,9.2667,-3.0,70.29,96,100,6.67
510,Cotonou,BJ,2022-07-10 01:53:13,6.3654,2.4183,78.78,89,40,9.22
511,Katobu,ID,2022-07-10 01:53:14,-4.9408,122.5276,83.71,67,5,8.28
512,Da Nang,VN,2022-07-10 01:48:26,16.0678,108.2208,80.58,83,75,1.14
513,Samur,RU,2022-07-10 01:53:14,41.8253,48.486,71.19,48,0,3.6
514,Balykshi,KZ,2022-07-10 01:54:15,47.0667,51.8667,68.0,52,0,6.71
515,Nampula,MZ,2022-07-10 01:54:15,-15.1165,39.2666,64.35,94,20,8.05
516,Ridgecrest,US,2022-07-10 01:54:15,35.6225,-117.6709,102.06,10,0,19.57
517,Shingu,JP,2022-07-10 01:54:15,33.7333,135.9833,82.08,74,50,4.9
518,Boa Vista,BR,2022-07-10 01:54:16,2.8197,-60.6733,80.58,78,75,2.3
519,Kolchugino,RU,2022-07-10 01:54:16,56.3,39.3833,57.61,94,78,5.99
520,Lourinha,PT,2022-07-10 01:54:17,39.2333,-9.3167,68.99,91,0,5.66
521,Bijar,IR,2022-07-10 01:54:17,35.8668,47.6051,61.66,44,0,4.88
522,Klyuchi,RU,2022-07-10 01:54:17,52.2667,79.1667,69.48,68,24,7.74
523,Tessalit,ML,2022-07-10 01:54:17,20.1986,1.0114,90.41,11,63,6.98
524,Sobolevo,RU,2022-07-10 01:54:18,54.4299,31.8996,57.88,95,100,2.84
525,Hualmay,PE,2022-07-10 01:54:18,-11.0964,-77.6139,61.7,84,56,9.78
526,Cayenne,GF,2022-07-10 01:54:19,4.9333,-52.3333,76.08,1,100,1.14
527,Umm Kaddadah,SD,2022-07-10 01:54:19,13.6017,26.6876,80.8,60,93,14.56
528,Omsukchan,RU,2022-07-10 01:54:19,62.5333,155.8,68.52,47,38,5.28
529,Eldorado,BR,2022-07-10 01:54:19,-23.7869,-54.2836,65.64,61,6,7.63
530,Passo De Camaragibe,BR,2022-07-10 01:54:20,-9.2368,-35.4901,72.95,92,1,7.18
531,Yulara,AU,2022-07-10 01:54:20,-25.2406,130.9889,55.53,36,0,10.47
532,Pingliang,CN,2022-07-10 01:54:20,35.5392,106.6861,83.79,49,11,6.98
533,Kashi,CN,2022-07-10 01:54:21,39.4547,75.9797,74.41,31,40,6.71
534,Matagami,CA,2022-07-10 01:54:21,49.7502,-77.6328,60.91,59,0,3.44
535,Evensk,RU,2022-07-10 01:54:21,61.95,159.2333,68.36,53,8,5.53
536,Canutama,BR,2022-07-10 01:54:22,-6.5339,-64.3831,76.95,73,35,2.15
537,Tacoronte,ES,2022-07-10 01:54:22,28.4769,-16.4102,73.72,25,0,6.91
538,Shira,RU,2022-07-10 01:54:22,54.4911,89.9531,66.2,63,3,5.46
539,Mogok,MM,2022-07-10 01:54:23,22.9167,96.5,71.82,91,21,1.41
540,Bilma,NE,2022-07-10 01:54:23,18.6853,12.9164,87.26,33,0,6.76
541,Biak,ID,2022-07-10 01:54:23,-0.9131,122.8766,78.13,86,95,5.46
542,Mackenzie,CA,2022-07-10 01:54:24,55.2999,-123.1698,68.22,42,100,12.66
543,Prosperous,IE,2022-07-10 01:54:24,53.2903,-6.7539,60.85,93,0,2.44
544,Te Kauwhata,NZ,2022-07-10 01:54:24,-37.4,175.15,66.15,63,57,1.7
545,Shunyi,CN,2022-07-10 01:54:25,40.125,116.6453,69.75,94,75,2.24
546,Gaoua,BF,2022-07-10 01:54:25,10.2992,-3.2508,72.09,90,100,8.19
547,Foumban,CM,2022-07-10 01:54:26,5.7291,10.9001,63.05,97,100,1.43
548,Iquique,CL,2022-07-10 01:53:21,-20.2208,-70.1431,60.84,72,99,0.65
549,Nyurba,RU,2022-07-10 01:54:26,63.2842,118.3319,57.67,86,100,3.15
550,Kurchum,KZ,2022-07-10 01:54:26,48.5722,83.6542,67.8,48,87,4.9
551,Ewa Beach,US,2022-07-10 01:51:49,21.3156,-158.0072,85.95,59,100,19.57
552,Kokopo,PG,2022-07-10 01:54:27,-4.352,152.2633,85.6,54,9,8.39
553,Denpasar,ID,2022-07-10 01:52:32,-8.65,115.2167,82.06,83,40,17.27
554,Kaohsiung,TW,2022-07-10 01:54:27,22.6163,120.3133,91.35,65,40,3.0
555,Mackay,AU,2022-07-10 01:54:28,-21.15,149.2,67.68,49,0,10.83
556,Hopewell,US,2022-07-10 01:54:28,37.3043,-77.2872,69.98,94,100,7.2
557,West Des Moines,US,2022-07-10 01:54:17,41.572,-93.7453,80.06,72,0,0.0
558,Pastavy,BY,2022-07-10 01:54:29,55.1168,26.8326,50.92,97,100,5.08
559,Sanchor,IN,2022-07-10 01:55:29,24.7553,71.7722,83.35,77,100,9.62
560,Bubaque,GW,2022-07-10 01:55:29,11.2833,-15.8333,80.26,84,100,13.0
561,Galle,LK,2022-07-10 01:55:30,6.0367,80.217,80.56,84,100,13.44
562,Ulaanbaatar,MN,2022-07-10 01:55:30,47.9077,106.8832,64.53,52,20,4.47
563,Baghdad,IQ,2022-07-10 01:55:30,33.3406,44.4009,84.11,32,0,10.36
564,Oksfjord,NO,2022-07-10 01:55:31,70.2396,22.3479,53.67,81,18,2.26
565,Rundu,NA,2022-07-10 01:55:31,-17.9333,19.7667,51.1,56,0,5.3
566,Hohhot,CN,2022-07-10 01:55:31,40.8106,111.6522,73.69,46,0,2.24
567,Ulladulla,AU,2022-07-10 01:55:32,-35.35,150.4667,52.7,76,68,14.34
568,Raudeberg,NO,2022-07-10 01:55:32,61.9875,5.1352,47.07,81,100,8.93
569,Suileng,CN,2022-07-10 01:55:32,47.25,127.0833,76.28,54,97,12.26
570,Chumikan,RU,2022-07-10 01:55:33,54.7183,135.315,51.76,98,100,6.26
571,Nexo,DK,2022-07-10 01:55:33,55.0607,15.1306,57.29,80,51,21.65
572,Olinala,MX,2022-07-10 01:55:33,17.8333,-98.85,69.8,75,29,3.06
