City_ID,City,Country,Lat,Lng,Max Temp,Humidity,Cloudiness,Wind Speed,Current Description
0,Rikitea,PF,-23.1203,-134.9692,65.77,88,100,6.62,
1,Mataura,NZ,-46.1927,168.8643,35.47,98,97,1.7,
2,Hobart,AU,-42.8794,147.3294,46.06,96,75,4.61,
3,Kiama,AU,-34.6833,150.8667,50.38,72,29,1.99,
4,Tochigi,JP,36.3833,139.7333,71.04,96,100,4.36,
5,Atuona,PF,-9.8,-139.0333,77.54,68,27,17.13,
6,Nchelenge,ZM,-9.3451,28.734,71.89,56,26,4.97,
7,Jamestown,US,42.097,-79.2353,75.02,61,0,9.22,
8,Cape Town,ZA,-33.9258,18.4232,63.37,72,75,5.75,
9,Lagoa,PT,39.05,-27.9833,69.94,92,100,15.32,
10,Outjo,NA,-20.1167,16.15,73.02,17,0,12.82,
11,Tete,MZ,-16.1564,33.5867,74.73,38,4,2.93,
12,Katsuura,JP,35.1333,140.3,74.84,93,100,6.78,
13,Ushuaia,AR,-54.8,-68.3,31.62,80,20,3.44,
14,Anadyr,RU,64.75,177.4833,52.3,93,75,2.24,
15,Malakal,SS,9.5334,31.6605,77.9,75,100,1.61,
16,Hilo,US,19.7297,-155.09,73.62,91,100,4.61,
17,Port Alfred,ZA,-33.5906,26.891,58.17,71,60,5.99,
18,Nador,MA,35.174,-2.9287,87.87,74,0,6.91,
19,Dongsheng,CN,39.8161,109.9776,72.41,53,94,11.9,
20,Port Elizabeth,ZA,-33.918,25.5701,59.29,77,0,18.41,
21,Cabo San Lucas,MX,22.8909,-109.9124,91.71,45,20,4.61,
22,Narsaq,GL,60.9167,-46.05,59.22,78,100,9.93,
23,Yellowknife,CA,62.456,-114.3525,57.72,94,75,3.44,
24,Camacha,PT,33.0833,-16.3333,71.02,68,20,11.5,
25,Mackay,AU,-21.15,149.2,54.48,61,9,15.08,
26,Hithadhoo,MV,-0.6,73.0833,83.62,74,100,15.19,
27,Ponta Do Sol,PT,32.6667,-17.1,80.71,62,3,8.03,
28,Rawlins,US,41.7911,-107.2387,75.34,38,40,12.66,
29,Thompson,CA,55.7435,-97.8558,64.56,100,100,3.44,
30,Ribeira Grande,PT,38.5167,-28.7,77.4,73,40,4.61,
31,Cayenne,GF,4.9333,-52.3333,86.04,1,75,6.91,
32,East London,ZA,-33.0153,27.9116,63.54,63,0,13.8,
33,Saint-Augustin,CA,51.226,-58.6502,69.58,41,29,9.73,
34,Vaini,TO,-21.2,-175.2,75.36,100,2,9.22,
35,Bluff,NZ,-46.6,168.3333,35.8,87,100,10.42,
36,Candelaria,PH,13.9311,121.4233,78.39,94,58,1.7,
37,Vostok,RU,46.4856,135.8833,58.75,93,100,5.17,
38,Novikovo,RU,51.1537,37.8879,65.77,74,61,13.67,
39,Olavarria,AR,-36.8927,-60.3225,52.02,75,99,11.05,
40,Mahebourg,MU,-20.4081,57.7,70.25,73,75,11.5,
41,Paamiut,GL,61.994,-49.6678,45.18,82,100,4.41,
42,San Quintin,MX,30.4833,-115.95,69.37,74,79,7.72,
43,Coquimbo,CL,-29.9533,-71.3436,55.13,87,75,2.3,
44,Ariquemes,BR,-9.9133,-63.0408,94.08,30,11,3.91,
45,Zabol,AF,32.25,67.25,84.45,16,10,6.71,
46,Clyde River,CA,70.4692,-68.5914,44.83,76,0,8.05,
47,Busselton,AU,-33.65,115.3333,59.63,73,83,20.85,
48,Arraial Do Cabo,BR,-22.9661,-42.0278,78.76,73,40,14.97,
49,Sao Filipe,CV,14.8961,-24.4956,76.46,72,16,14.81,
50,Lorengau,PG,-2.0226,147.2712,81.41,75,100,3.0,
51,Aklavik,CA,68.2191,-135.0107,41.0,81,100,12.66,
52,Khatanga,RU,71.9667,102.5,42.6,91,100,4.7,
53,Erzin,TR,36.9559,36.2,81.25,69,0,10.63,
54,Victoria,HK,22.2855,114.1577,87.19,81,99,5.01,
55,Ahipara,NZ,-35.1667,173.1667,55.15,88,85,10.13,
56,Carnarvon,AU,-24.8667,113.6333,67.93,82,6,10.67,
57,Punta Arenas,CL,-53.15,-70.9167,35.71,87,75,4.61,
58,Airai,TL,-8.9266,125.4092,54.36,89,51,2.71,
59,Hermanus,ZA,-34.4187,19.2345,58.8,80,35,3.74,
60,Taoudenni,ML,22.6783,-3.9836,116.19,6,43,11.88,
61,Savalou,BJ,7.9281,1.9756,80.44,79,94,5.7,
62,New Norfolk,AU,-42.7826,147.0587,45.72,90,41,2.33,
63,Birjand,IR,32.8663,59.2211,82.87,11,0,21.85,
64,Naze,JP,28.3667,129.4833,79.72,90,96,7.25,
65,High Level,CA,58.5169,-117.136,60.91,63,0,5.75,
66,Kumphawapi,TH,17.1087,103.0149,80.49,91,100,6.67,
67,Rawson,AR,-43.3002,-65.1023,47.35,56,100,14.56,
68,Sakaiminato,JP,35.55,133.2333,78.78,94,75,9.22,
69,Klaksvik,FO,62.2266,-6.589,54.52,80,69,13.71,
70,Vardo,NO,70.3705,31.1107,53.58,94,40,4.61,
71,Pedernales,DO,18.0384,-71.744,84.7,64,83,8.77,
72,Barrow,US,71.2906,-156.7887,33.82,80,100,8.05,
73,Kurilsk,RU,45.2333,147.8833,50.97,93,56,8.39,
74,Ricse,HU,48.3256,21.9707,86.05,27,79,5.95,
75,Castro,BR,-24.7911,-50.0119,70.43,55,94,13.51,
76,Bethel,US,41.3712,-73.414,83.73,67,75,4.61,
77,Pangai,TO,-19.8,-174.35,77.65,76,36,20.24,
78,Flinders,AU,-34.5833,150.8552,50.18,70,21,7.0,
79,Pangnirtung,CA,66.1451,-65.7125,48.2,87,20,11.5,
80,Bredasdorp,ZA,-34.5322,20.0403,53.58,80,71,5.7,
81,Poum,NC,-20.2333,164.0167,72.84,56,10,20.04,
82,Alofi,NU,-19.0595,-169.9187,75.09,78,93,10.36,
83,Nikolskoye,RU,59.7035,30.7861,66.87,88,74,6.62,
84,Pisco,PE,-13.7,-76.2167,62.65,72,0,8.05,
85,Kapaa,US,22.0752,-159.319,79.12,85,100,17.27,
86,Labrea,BR,-7.2586,-64.7981,93.99,41,14,3.0,
87,Portobelo,PA,9.55,-79.65,89.11,74,96,3.56,
88,Georgetown,MY,5.4112,100.3354,82.89,90,20,0.0,
89,Raudeberg,NO,61.9875,5.1352,55.96,73,95,7.36,
90,Tagusao,PH,9.1924,117.8141,80.49,84,90,7.47,
91,Kupang,ID,-10.1667,123.5833,73.62,73,5,11.63,
92,Tuktoyaktuk,CA,69.4541,-133.0374,39.2,81,75,23.02,
93,Soteapan,MX,18.2333,-94.8667,78.64,78,99,4.68,
94,Pangkalanbuun,ID,-2.6833,111.6167,74.75,93,93,2.77,
95,Wanning,CN,18.8003,110.3967,81.43,90,96,6.46,
96,Medina,SA,24.4686,39.6142,108.03,8,0,12.66,
97,Snezhnogorsk,RU,69.1933,33.2531,65.98,92,100,13.69,
98,Esperance,AU,-33.8667,121.9,60.19,86,71,15.32,
99,Ipixuna,BR,-1.7625,-48.8043,84.9,68,76,4.99,
100,Lata,PT,40.1629,-8.3327,93.49,39,67,9.6,
101,Dicabisagan,PH,17.0818,122.4157,80.74,87,67,6.31,
102,Nome,US,64.5011,-165.4064,46.47,100,100,0.0,
103,Lithakia,GR,37.7167,20.8333,92.48,31,0,11.5,
104,Buraydah,SA,26.326,43.975,108.05,10,71,10.13,
105,Leningradskiy,RU,69.3833,178.4167,33.69,83,100,10.27,
106,Puerto Ayora,EC,-0.7393,-90.3518,76.96,91,89,8.99,
107,Bayevo,RU,53.2833,80.7667,61.29,49,100,9.06,
108,Tucumcari,US,35.1717,-103.725,86.94,39,0,8.05,
109,Saint George,US,37.1041,-113.5841,94.62,28,0,4.61,
110,Xuddur,SO,4.1213,43.8894,80.01,58,93,18.52,
111,Chara,RU,56.9064,118.2631,64.78,84,100,2.39,
112,Pitimbu,BR,-7.4706,-34.8086,84.79,68,14,16.35,
113,Sioux Lookout,CA,50.1001,-91.917,69.87,68,40,5.75,
114,Kathmandu,NP,27.7167,85.3167,73.62,94,75,2.3,
115,Lunavada,IN,23.1333,73.6167,81.88,84,92,9.33,
116,Lavrentiya,RU,65.5833,-171.0,48.34,70,100,4.99,
117,Bengkulu,ID,-3.8004,102.2655,76.91,93,99,5.39,
118,Shache,CN,38.4167,77.2406,80.71,27,100,6.67,
119,Portland,US,45.5234,-122.6762,66.06,73,20,6.91,
120,Butaritari,KI,3.0707,172.7902,81.36,81,69,17.4,
121,Niamey,NE,13.5137,2.1098,98.89,30,20,13.8,
122,Souillac,MU,-20.5167,57.5167,70.18,73,75,11.5,
123,Ocos,GT,14.5094,-92.1933,80.38,79,100,8.14,
124,Kavieng,PG,-2.5744,150.7967,80.38,83,100,15.39,
125,Ixtapa,MX,20.7,-105.2,85.23,77,46,4.0,
126,Cidreira,BR,-30.1811,-50.2056,58.59,98,100,11.72,
127,Waingapu,ID,-9.6567,120.2641,72.73,84,2,7.94,
128,Paralimni,CY,35.0375,33.9833,97.29,92,0,8.99,
129,Backa Palanka,RS,45.2508,19.3919,89.94,19,69,6.15,
130,Cairns,AU,-16.9167,145.7667,53.55,89,70,9.22,
131,Iracoubo,GF,5.4802,-53.2011,85.01,70,37,8.75,
132,Senneterre,CA,48.3835,-77.2328,69.31,39,43,6.42,
133,Roma,US,43.2128,-75.4557,75.96,64,20,8.99,
134,Deputatskiy,RU,69.3,139.9,44.62,91,23,4.18,
135,Katherine,AU,-14.4667,132.2667,50.32,66,6,5.75,
136,Albany,US,42.6001,-73.9662,78.58,63,6,1.01,
137,Krasnoselkup,RU,65.7,82.4667,57.42,60,100,6.08,
138,Chichica,PA,8.4922,-82.1627,78.15,75,64,3.89,
139,Lisala,CD,2.15,21.5167,73.53,93,100,1.97,
140,Yeniseysk,RU,58.4497,92.1703,48.16,91,66,3.09,
141,College,US,64.8569,-147.8028,59.2,53,40,5.75,
142,Chaman,PK,30.9236,66.4512,90.68,14,1,6.46,
143,Xinxiang,CN,35.3089,113.8672,82.76,69,50,5.55,
144,Kaseda,JP,31.4167,130.3167,80.92,92,67,12.86,
145,Lubango,AO,-14.9172,13.4925,70.23,23,0,6.17,
146,Kloulklubed,PW,7.0419,134.2556,73.9,76,99,6.82,
147,Kodiak,US,57.79,-152.4072,54.91,88,100,3.44,
148,Tuatapere,NZ,-46.1333,167.6833,40.35,94,96,2.82,
149,Chokurdakh,RU,70.6333,147.9167,43.25,64,27,7.47,
150,Makhachkala,RU,42.9764,47.5024,91.38,50,56,11.68,
151,Salalah,OM,17.0151,54.0924,78.89,94,75,8.05,
152,Mar Del Plata,AR,-38.0023,-57.5575,52.95,88,100,17.0,
153,Kahului,US,20.8947,-156.47,77.85,79,0,14.97,
154,Sobolevo,RU,54.4299,31.8996,63.39,86,52,10.22,
155,Talnakh,RU,69.4865,88.3972,58.21,63,100,3.42,
156,Pevek,RU,69.7008,170.3133,33.71,85,7,13.29,
157,Upernavik,GL,72.7868,-56.1549,39.6,86,31,13.0,
158,Turbat,PK,26.0023,63.044,93.31,51,76,10.74,
159,Ternate,ID,0.8,127.4,80.56,77,99,1.99,
160,Yar-Sale,RU,66.8333,70.8333,56.88,63,100,11.1,
161,Avarua,CK,-21.2078,-159.775,73.45,68,100,6.91,
162,Juneau,US,58.3019,-134.4197,55.22,93,75,0.0,
163,Usevya,TZ,-7.1,31.2333,75.16,32,2,5.21,
164,Beringovskiy,RU,63.05,179.3167,46.81,98,100,6.29,
165,Tambopata,PE,-12.7333,-69.1833,75.09,83,75,2.3,
166,Saint-Denis,FR,48.9167,2.3333,91.94,33,0,13.8,
167,Nsanje,MW,-16.92,35.262,70.48,51,1,4.72,
168,Rundu,NA,-17.9333,19.7667,70.92,23,0,5.28,
169,Qaanaaq,GL,77.484,-69.3632,44.29,83,99,5.57,
170,Teya,RU,60.3778,92.6267,47.59,76,56,1.72,
171,Makamba,BI,-4.1348,29.804,67.37,51,54,0.43,
172,Meulaboh,ID,4.1363,96.1285,78.57,88,29,6.17,
173,Codrington,AU,-38.2667,141.9667,43.86,97,23,8.75,
174,Longyearbyen,SJ,78.2186,15.6401,53.44,76,0,1.14,
175,Mendi,PG,-6.1761,143.6513,55.87,100,99,1.19,
176,Richards Bay,ZA,-28.783,32.0377,68.05,62,0,10.85,
177,Chuy,UY,-33.6971,-53.4616,61.68,79,75,11.43,
178,Alta Floresta,BR,-9.8756,-56.0861,94.82,31,0,6.91,
179,Ajra,IN,16.1167,74.2,69.76,94,100,16.64,
180,Ron Phibun,TH,8.1791,99.8542,75.16,91,100,4.83,
181,Dikson,RU,73.5069,80.5464,42.28,75,9,12.39,
182,Bay Roberts,CA,47.5999,-53.2648,79.66,54,1,7.09,
183,Mbanza-Ngungu,CD,-5.25,14.8667,85.96,28,9,4.21,
184,Cristalina,BR,-16.7686,-47.6136,76.57,31,12,10.13,
185,Muskogee,US,35.5834,-95.3336,93.34,57,0,8.86,
186,Severo-Kurilsk,RU,50.6789,156.125,52.34,97,84,7.43,
187,Havelock,US,34.8791,-76.9013,87.78,82,100,8.01,
188,Padang,ID,-0.9492,100.3543,73.45,88,100,6.8,
189,Domoni,KM,-12.2569,44.5319,75.18,77,43,11.74,
190,Omboue,GA,-1.5746,9.2618,75.94,71,45,9.84,
191,Shenjiamen,CN,29.9576,122.298,77.65,93,99,11.05,
192,Sitka,US,57.0531,-135.33,55.29,82,75,3.44,
193,Angarsk,RU,52.5367,103.8864,57.92,94,98,4.74,
194,North Myrtle Beach,US,33.816,-78.68,90.1,74,0,8.05,
195,Bonavista,CA,48.6499,-53.1147,56.43,76,9,12.57,
196,Dudinka,RU,69.4058,86.1778,58.62,65,99,9.82,
197,Hami,CN,42.8,93.45,83.1,19,43,13.24,
198,Karratha,AU,-20.7377,116.8463,66.02,60,18,5.79,
199,Cap Malheureux,MU,-19.9842,57.6142,70.47,70,49,5.99,
200,Voghera,IT,44.9947,9.0086,95.76,24,32,9.35,
201,Frankfurt,DE,50.1167,8.6833,82.78,39,0,17.27,
202,Torbay,CA,47.6666,-52.7314,78.89,55,40,10.36,
203,Pyay,MM,18.8167,95.2167,77.74,92,77,7.9,
204,Provideniya,RU,64.3833,-173.3,51.58,61,100,6.13,
205,Bandiagara,ML,14.3501,-3.6104,94.93,31,82,10.0,
206,Praia Da Vitoria,PT,38.7333,-27.0667,77.25,78,75,15.26,
207,Tiksi,RU,71.6872,128.8694,41.32,90,88,3.49,
208,Dali,CN,25.7,100.1833,66.92,83,10,3.56,
209,Sotnikovo,RU,51.8845,107.4791,59.09,94,40,4.47,
210,Massakory,TD,12.996,15.7293,91.11,37,100,3.4,
211,Arman,RU,59.7,150.1667,60.46,88,46,2.3,
212,Samarai,PG,-10.6167,150.6667,76.35,75,100,19.51,
213,Sur,OM,22.5667,59.5289,91.65,56,98,5.53,
214,Kruisfontein,ZA,-34.0033,24.7314,55.89,85,26,11.03,
215,Atar,MR,20.5169,-13.0499,107.74,17,20,9.69,
216,Kurtalan,TR,37.9272,41.7028,95.34,12,0,3.29,
217,Bathsheba,BB,13.2167,-59.5167,87.04,81,75,16.11,
218,Tessalit,ML,20.1986,1.0114,108.77,10,40,2.28,
219,Tres Picos,MX,15.8667,-93.5333,83.7,76,100,2.04,
220,Vila Franca Do Campo,PT,37.7167,-25.4333,75.61,77,85,10.49,
221,Karachi,PK,24.9056,67.0822,84.02,79,100,16.11,
222,Ilulissat,GL,69.2167,-51.1,50.02,57,20,6.91,
223,Bereda,ES,43.2686,-7.5406,91.42,33,100,8.19,
224,Sooke,CA,48.3746,-123.7276,64.31,74,33,5.86,
225,Ballina,AU,-28.8667,153.5667,53.02,81,80,14.18,
226,Gazanjyk,TM,39.2446,55.5154,96.06,12,0,11.1,
227,Olafsvik,IS,64.8945,-23.7142,50.81,73,24,3.11,
228,San Patricio,US,28.017,-97.5169,91.27,45,2,8.59,
229,Faanui,PF,-16.4833,-151.75,77.36,74,45,25.05,
230,Brae,GB,60.3964,-1.353,54.23,77,94,12.75,
231,Luderitz,NA,-26.6481,15.1594,66.34,48,0,16.24,
232,Colares,PT,38.7992,-9.4469,92.86,42,0,5.75,
233,Cockburn Town,TC,21.4612,-71.1419,80.56,74,40,9.22,
234,Hays,US,30.0502,-98.0336,93.09,51,0,4.0,
235,Cody,US,44.5263,-109.0565,76.62,53,0,10.36,
236,Do Gonbadan,IR,30.3586,50.7981,102.29,10,0,9.22,
237,Lumby,CA,50.2498,-118.969,70.05,51,30,6.91,
238,Coihaique,CL,-45.5752,-72.0662,32.61,74,75,4.61,
239,Central Point,US,42.376,-122.9164,72.43,64,0,1.99,
240,Grindavik,IS,63.8424,-22.4338,52.27,71,75,8.05,
241,Gabu,GW,12.2833,-14.2167,85.78,72,100,5.64,
242,Sozimskiy,RU,59.7418,52.2482,68.58,93,91,3.22,
243,Bubaque,GW,11.2833,-15.8333,80.28,80,90,9.17,
244,Aktas,KZ,49.7789,72.9608,73.15,31,7,6.11,
245,Berlevag,NO,70.8578,29.0864,69.6,87,0,3.44,
246,Black River,JM,18.0264,-77.8487,87.8,56,15,5.26,
247,Newport,GB,51.5877,-2.9984,75.92,45,55,14.7,
248,Juybar,IR,36.6412,52.9124,89.76,64,0,5.88,
249,Boa Vista,BR,2.8197,-60.6733,80.58,65,75,21.85,
250,Iqaluit,CA,63.7506,-68.5145,46.13,81,40,5.75,
251,Vaitape,PF,-16.5167,-151.75,77.29,74,48,25.08,
252,Mgandu,TZ,-5.95,34.1333,69.69,40,5,6.76,
253,Petropavlovsk-Kamchatskiy,RU,53.0452,158.6483,55.99,100,100,2.24,
254,Dingle,PH,10.9995,122.6711,76.14,92,44,1.68,
255,San Isidro,PE,-12.1167,-77.05,60.39,77,100,8.05,
256,Nelson Bay,AU,-32.7167,152.15,53.01,84,91,18.41,
257,Mokokchung,IN,26.3333,94.5333,68.43,97,0,3.98,
258,Acajutla,SV,13.5928,-89.8275,83.53,66,100,1.3,
259,Barabinsk,RU,55.3571,78.357,62.62,60,100,8.03,
260,Pipri,IN,19.8,75.5333,75.78,88,75,6.91,
261,Aripuana,BR,-9.1667,-60.6333,94.48,28,6,3.0,
262,Morondava,MG,-20.2833,44.2833,74.59,65,0,16.49,
263,Tshela,CD,-4.9833,12.9333,87.49,39,29,3.15,
264,Guiratinga,BR,-16.3494,-53.7583,90.21,20,46,12.03,
265,Guerrero Negro,MX,27.9769,-114.0611,68.76,73,24,13.4,
266,Xining,CN,36.6167,101.7667,64.08,91,100,4.41,
267,Shelburne,CA,44.0787,-80.2041,74.75,36,4,9.08,
268,Tuburan,PH,6.6439,122.2736,77.09,79,96,5.66,
269,Bambous Virieux,MU,-20.3428,57.7575,70.21,73,75,11.5,
270,Byron Bay,AU,-28.65,153.6167,52.95,83,81,14.54,
271,Port Lincoln,AU,-34.7333,135.8667,50.86,73,40,11.79,
272,North Bend,US,43.4065,-124.2243,60.93,93,40,8.05,
273,Batticaloa,LK,7.7102,81.6924,83.44,59,40,14.29,
274,Kaitangata,NZ,-46.2817,169.8464,38.59,94,95,6.49,
275,Namibe,AO,-15.1961,12.1522,66.45,84,19,11.54,
276,Pacasmayo,PE,-7.4006,-79.5714,66.96,70,54,14.72,
277,Lhokseumawe,ID,5.1801,97.1507,78.98,87,50,5.01,
278,Mitsamiouli,KM,-11.3847,43.2844,80.89,61,20,6.91,
279,Turukhansk,RU,65.8167,87.9833,51.58,75,73,5.95,
280,Komsomolskiy,UZ,40.4272,71.7189,86.72,25,0,2.3,
281,Cabedelo,BR,-6.9811,-34.8339,84.87,69,38,17.25,
282,Nanortalik,GL,60.1432,-45.2371,48.56,77,100,11.54,
283,Sena Madureira,BR,-9.0656,-68.6569,91.42,44,100,3.65,
284,Port Hardy,CA,50.6996,-127.4199,53.78,94,100,3.44,
285,Smolenka,RU,52.1352,113.4974,68.07,77,0,6.71,
286,San Policarpo,PH,12.1791,125.5072,81.43,81,94,4.85,
287,Umiray,PH,15.2206,121.4111,80.53,85,88,3.51,
288,Hofn,IS,64.2539,-15.2082,60.82,44,20,25.32,
289,Chanika,TZ,-5.4167,38.0167,66.54,82,100,3.94,
290,Muyezerskiy,RU,63.9333,31.65,66.72,59,76,5.21,
291,Zhaotong,CN,27.3167,103.7167,67.26,75,44,2.57,
292,Mackenzie,CA,55.2999,-123.1698,55.62,62,100,10.36,
293,Caucaia,BR,-3.7361,-38.6531,87.31,62,40,14.97,
294,Severomuysk,RU,56.1481,113.4267,55.51,76,95,3.58,
295,Fortuna,US,40.5982,-124.1573,56.93,89,100,4.52,
296,Saldanha,ZA,-33.0117,17.9442,59.05,86,6,8.63,
297,Olinala,MX,17.8333,-98.85,71.31,71,97,2.57,
298,Snasa,NO,64.2457,12.3778,51.21,96,100,9.15,
299,Kirillov,RU,59.863,38.3813,66.96,66,52,5.84,
300,Kaura Namoda,NG,12.5898,6.5779,93.4,40,36,10.78,
301,Andenes,NO,69.3143,16.1194,53.58,87,75,12.66,
302,Methoni,GR,36.8197,21.7049,89.46,62,0,17.07,
303,Rivne,UA,50.6231,26.2274,69.08,73,66,7.23,
304,Saskylakh,RU,71.9167,114.0833,41.79,93,100,8.03,
305,Marquette,US,46.5333,-87.6335,68.77,56,0,5.14,
306,Yen Bai,VN,21.7,104.8667,78.98,93,43,3.76,
307,Cabangahan,PH,9.0781,122.9469,82.18,78,91,5.61,
308,Viedma,AR,-40.8135,-62.9967,51.98,63,100,19.95,
309,Qaqortoq,GL,60.7167,-46.0333,49.24,75,100,9.82,
310,Kysyl-Syr,RU,63.8986,122.7617,60.37,98,16,3.96,
311,Rafaela,AR,-31.2503,-61.4867,73.0,42,2,7.34,
312,Prescott,US,34.54,-112.4685,85.89,47,0,5.75,
313,Pak Kret,TH,13.913,100.4988,82.98,82,20,5.75,
314,Srednekolymsk,RU,67.45,153.6833,50.34,52,100,10.4,
315,Christchurch,NZ,-43.5333,172.6333,41.47,91,100,3.44,
316,Nishihara,JP,26.1842,127.7558,84.25,91,75,6.91,
317,Axim,GH,4.8699,-2.2405,77.67,79,87,10.98,
318,Huancabamba,PE,-5.2386,-79.4506,71.29,58,35,3.31,
319,Lazaro Cardenas,MX,17.9583,-102.2,84.7,65,99,1.72,
320,Celestun,MX,20.8667,-90.4,87.03,60,100,8.12,
321,Faya,SA,18.3851,42.4509,75.31,58,86,6.44,
322,Palmer,US,42.1584,-72.3287,80.65,52,7,3.58,
323,Oliver,CA,49.1831,-119.5524,68.25,45,6,1.14,
324,Shorewood,US,41.52,-88.2017,79.45,55,0,6.91,
325,Egvekinot,RU,66.3167,-179.1667,44.96,71,99,5.59,
326,Karpogory,RU,64.0019,44.4451,76.75,50,56,1.12,
327,Monopoli,IT,40.9559,17.2896,87.71,53,0,8.57,
328,Batagay-Alyta,RU,67.8006,130.4114,57.96,79,37,3.85,
329,Ostersund,SE,63.1792,14.6357,51.62,81,100,18.41,
330,Kambove,CD,-10.8764,26.5969,68.11,39,26,2.89,
331,Hervey Bay,AU,-25.2986,152.8535,56.39,74,11,12.57,
332,Ambulu,ID,-8.345,113.6058,74.75,89,84,4.65,
333,Lompoc,US,34.6391,-120.4579,62.92,84,100,4.61,
334,Talara,PE,-4.5772,-81.2719,68.76,73,0,24.16,
335,Kang,BW,-23.6752,22.7876,65.32,23,0,7.83,
336,Acapulco,MX,16.8634,-99.8901,84.34,65,100,1.68,
337,Manaure,CO,11.7751,-72.4445,88.7,46,32,21.9,
338,Zhigansk,RU,66.7697,123.3711,58.95,98,88,8.57,
339,Saint-Philippe,RE,-21.3585,55.7679,71.19,80,67,12.28,
340,Inhambane,MZ,-23.865,35.3833,71.58,60,0,3.44,
341,Tineo,ES,43.3376,-6.4145,71.85,34,38,3.24,
342,Ostrovnoy,RU,68.0531,39.5131,64.98,87,96,4.97,
343,Bagaces,CR,10.5271,-85.2548,82.33,71,99,2.55,
344,San Cristobal,VE,7.7669,-72.225,80.78,37,31,6.51,
345,Nyzhnya Duvanka,UA,49.5846,38.1743,68.22,62,69,15.52,
346,Saint Simons,US,31.1352,-81.3901,88.05,59,0,10.36,
347,Broome,US,42.2506,-75.833,74.25,69,4,3.0,
348,Ulladulla,AU,-35.35,150.4667,44.87,81,6,6.13,
349,Terrace,CA,54.5163,-128.6035,53.51,93,100,3.44,
350,Mariinsk,RU,56.2139,87.7472,52.29,69,81,4.34,
351,Santo Antonio Do Leverger,BR,-15.8656,-56.0767,89.98,18,91,10.71,
352,Semey,KZ,50.4111,80.2275,67.5,46,43,7.27,
353,Mindif,CM,10.3976,14.4363,86.85,49,71,6.73,
354,Kota Bahru,MY,6.1333,102.2386,76.98,100,20,0.0,
355,Teplodar,UA,46.5059,30.3252,82.89,33,88,8.86,
356,Hualmay,PE,-11.0964,-77.6139,64.74,69,41,10.27,
357,Bilibino,RU,68.0546,166.4372,42.93,74,10,5.59,
358,Luganville,VU,-15.5333,167.1667,74.68,83,51,3.76,
359,Dunboyne,IE,53.4,-6.4667,68.72,54,75,9.22,
360,Uni,RU,57.7535,51.4923,68.94,88,86,8.14,
361,Touros,BR,-5.1989,-35.4608,80.01,78,40,16.8,
362,Husavik,IS,66.0449,-17.3389,49.84,78,61,6.85,
363,Kaeo,NZ,-35.1,173.7833,49.32,96,55,5.99,
364,Mildura,AU,-34.2,142.15,41.14,81,0,0.81,
365,Manggar,ID,-2.8833,108.2667,81.39,79,60,6.82,
366,Douglas,US,41.3,-96.167,86.4,58,100,13.8,
367,Sorong,ID,-0.8833,131.25,77.4,89,100,6.06,
368,Prince Rupert,CA,54.3161,-130.3201,55.49,87,100,19.57,
369,Minusinsk,RU,53.7103,91.6875,55.98,63,88,1.92,
370,Boulder,US,40.0833,-105.3505,80.96,35,0,3.0,
371,Vagur,FO,61.4732,-6.8119,50.56,88,41,15.12,
372,Laguna,US,38.421,-121.4238,80.96,69,0,4.61,
373,Panaba,MX,21.2833,-88.2667,89.83,49,100,12.84,
374,Corn Island,NI,12.1694,-83.0418,81.09,83,68,21.52,
375,Tukrah,LY,32.5341,20.5791,79.32,52,0,14.23,
376,Malayal,PH,7.208,121.942,76.8,82,100,4.43,
377,Parrita,CR,9.5201,-84.3225,83.28,71,99,2.53,
378,Labuan,MY,5.2767,115.2417,79.16,89,20,0.0,
379,Goundam,ML,16.4145,-3.6708,100.38,28,63,8.59,
380,Kampene,CD,-3.6,26.6667,80.67,51,94,2.57,
381,Constitucion,CL,-35.3333,-72.4167,46.53,80,96,9.13,
382,Inta,RU,66.0317,60.1659,76.6,68,52,10.09,
383,Lensk,RU,60.7253,114.9278,60.42,90,17,3.76,
384,Longonjo,AO,-12.9067,15.2533,76.57,22,1,4.7,
385,Sitrah,BH,26.1547,50.6206,98.82,70,4,4.61,
386,Kuching,MY,1.55,110.3333,75.42,100,40,1.99,
387,Lithgow,AU,-33.4833,150.15,31.32,94,1,2.17,
388,Kamenka,RU,51.3223,42.7678,60.94,82,98,4.61,
389,Geraldton,AU,-28.7667,114.6,63.01,77,75,8.05,
390,Nogent-Le-Rotrou,FR,48.3333,1.0,82.65,20,70,16.73,
391,Port Blair,IN,11.6667,92.75,80.64,83,100,4.61,
392,Rio Gallegos,AR,-51.6226,-69.2181,30.25,86,40,4.61,
393,Dabakala,CI,8.3667,-4.4333,84.74,64,100,4.47,
394,Natal,BR,-5.795,-35.2094,88.02,58,75,16.11,
395,Necochea,AR,-38.5473,-58.7368,54.9,59,100,12.35,
396,Thinadhoo,MV,0.5333,72.9333,83.44,73,58,12.66,
397,Tateyama,JP,34.9833,139.8667,76.1,92,100,5.53,
398,Baykit,RU,61.67,96.37,50.36,91,45,1.74,
399,Taft,IR,31.7471,54.2088,87.75,11,0,9.22,
400,Amparafaravola,MG,-17.5833,48.2167,58.59,90,70,5.73,
401,Arinos,BR,-15.9169,-46.1056,86.68,26,21,7.23,
402,Cangucu,BR,-31.395,-52.6756,54.61,97,100,6.76,
403,Sumbe,AO,-11.2061,13.8437,72.19,78,4,7.78,
404,Talcahuano,CL,-36.7167,-73.1167,38.88,93,100,5.75,
405,Smithers,CA,54.7804,-127.1743,50.32,93,100,3.44,
406,Cartagena,CO,10.3997,-75.5144,87.42,79,75,4.61,
407,Amudat,UG,1.95,34.95,77.07,45,100,1.16,
408,Mayo,US,38.8876,-76.5119,88.36,54,40,6.91,
409,Mbala,ZM,-8.8402,31.3659,63.77,43,12,3.4,
410,Kembe,CF,4.6228,21.8865,75.24,83,95,2.95,
411,Maple Creek,CA,49.9168,-109.4848,64.45,77,10,4.61,
412,Omsukchan,RU,62.5333,155.8,57.38,82,44,5.26,
413,San Ramon,US,37.7799,-121.978,70.38,77,0,6.91,
414,Shunyi,CN,40.125,116.6453,78.75,69,0,6.71,
415,Sturgis,US,41.7992,-85.4192,75.94,56,40,4.61,
416,Bindura,ZW,-17.3019,31.3306,63.68,32,23,3.09,
417,Tindivanam,IN,12.25,79.65,87.13,47,99,18.97,
418,Santa Isabel,BR,-23.3156,-46.2214,72.7,48,24,4.29,
419,Ancud,CL,-41.8697,-73.8203,42.22,80,72,7.76,
420,Tiznit,MA,29.5833,-9.5,91.31,29,1,8.34,
421,Salinopolis,BR,-0.6136,-47.3561,83.32,74,23,13.85,
422,Kralendijk,BQ,12.15,-68.2667,87.78,62,40,12.66,
423,Trinidad,BO,-14.8333,-64.9,82.38,65,75,8.05,
424,Kattivakkam,IN,13.2167,80.3167,89.08,63,96,18.59,
425,Liwale,TZ,-9.7667,37.9333,73.36,50,96,3.71,
426,Pandan,PH,14.0453,124.1694,80.33,85,28,5.19,
427,Acarau,BR,-2.8856,-40.12,86.02,57,8,15.61,
428,Fairbanks,US,64.8378,-147.7164,59.22,64,40,5.75,
429,Avera,US,33.194,-82.5271,81.91,54,87,7.43,
430,Siniscola,IT,40.5719,9.6922,90.95,44,2,7.43,
431,Saint-Donat-De-Montcalm,CA,46.3187,-74.2219,63.84,78,98,5.44,
432,Lebu,CL,-37.6167,-73.65,45.12,81,99,10.96,
433,Upington,ZA,-28.4478,21.2561,70.18,19,0,8.05,
434,Roald,NO,62.5833,6.1333,57.16,67,40,12.66,
435,Blagoyevo,RU,63.3667,47.9167,76.15,56,69,3.65,
436,Grenville,GD,12.1167,-61.6167,86.05,75,19,13.65,
437,Rohri,PK,27.6922,68.8951,80.47,94,75,13.8,
438,Santa Cruz,BO,-17.8,-63.1667,82.45,54,75,28.77,
439,Piacabucu,BR,-10.4056,-36.4344,79.68,64,26,11.14,
440,Kieta,PG,-6.2167,155.6333,77.79,85,80,5.59,
441,Port Hedland,AU,-20.3167,118.5667,55.45,88,82,5.75,
442,Mareeba,AU,-17.0,145.4333,48.92,87,57,1.99,
443,Grand Gaube,MU,-20.0064,57.6608,70.38,70,43,5.99,
444,Bardiyah,LY,31.7561,25.0865,78.8,51,0,21.14,
445,Tirumullaivasal,IN,11.2333,79.8333,84.85,56,100,17.83,
446,Te Anau,NZ,-45.4167,167.7167,31.5,94,56,0.47,
447,Eyl,SO,7.9803,49.8164,81.45,69,83,26.98,
448,Sanary-Sur-Mer,FR,43.1178,5.8001,92.68,67,2,10.0,
449,Sao Miguel Do Araguaia,BR,-13.275,-50.1628,94.05,23,59,10.0,
450,Mets Masrik,AM,40.2183,45.7681,63.77,71,0,7.81,
451,Bilma,NE,18.6853,12.9164,106.07,10,11,6.76,
452,Dickson,US,36.077,-87.3878,87.96,48,0,4.61,
453,Adrar,MR,20.5022,-10.0711,108.54,13,7,6.4,
454,Vestmannaeyjar,IS,63.4427,-20.2734,52.79,76,20,11.5,
455,Keti Bandar,PK,24.1447,67.4497,87.55,78,80,7.78,
456,Mnogovershinnyy,RU,53.9353,139.9242,56.88,91,96,1.95,
457,Ayorou,NE,14.7308,0.9174,100.6,28,10,3.51,
458,Hamilton,US,39.1834,-84.5333,83.62,57,20,8.05,
459,Adelaide,AU,-34.9333,138.6,48.42,81,0,8.05,
460,Puerto Madero,MX,14.7208,-92.4215,80.06,79,100,7.63,
461,Kodinsk,RU,58.6881,99.1844,51.8,74,69,2.53,
462,Livingston,GB,55.9029,-3.5226,66.27,57,40,10.36,
463,Maiduguri,NG,11.8464,13.1603,89.98,44,87,9.06,
464,Marshall,US,34.3834,-86.3333,86.31,60,0,5.75,
465,Divnomorskoye,RU,44.5011,38.1353,72.5,64,0,6.22,
466,Marathon,US,44.9,-89.7668,70.84,58,40,6.91,
467,Burla,IN,21.5,83.8667,78.03,89,100,5.5,
468,Kenai,US,60.5544,-151.2583,55.02,95,100,0.0,
469,Chinhoyi,ZW,-17.3667,30.2,63.43,33,17,4.72,
470,Kabin Buri,TH,13.9511,101.7177,75.72,94,84,3.69,
471,Allende,MX,25.2833,-100.0167,85.48,49,12,7.16,
472,Roros,NO,62.5747,11.3842,46.24,76,100,20.71,
473,Shimoda,JP,34.6667,138.95,74.1,92,99,5.88,
474,Alappuzha,IN,9.49,76.3264,80.01,82,99,13.76,
475,Bolshaya Martynovka,RU,47.271,41.6679,79.52,33,3,16.44,
476,Darhan,MN,49.4867,105.9228,56.8,92,40,5.26,
477,Port Lavaca,US,28.615,-96.6261,92.28,63,0,3.44,
478,Zatoka,UA,46.0725,30.4654,77.22,63,85,9.84,
479,Isla Vista,US,34.4133,-119.861,81.34,63,100,0.0,
480,Yondo,CO,7.0062,-73.9097,81.09,78,40,6.91,
481,Vao,NC,-22.6667,167.4833,71.04,65,12,25.1,
482,Riyadh,SA,24.6877,46.7219,105.94,6,22,12.97,
483,Puerto El Triunfo,SV,13.2833,-88.55,86.25,60,100,3.04,
484,Rocha,UY,-34.4833,-54.3333,61.23,78,68,12.66,
485,Rosario Oeste,BR,-14.8361,-56.4275,94.51,20,55,10.36,
486,Xinmin,CN,41.9908,122.8253,67.33,90,0,5.21,
487,Santa Maria Del Oro,MX,25.9333,-105.3667,78.35,40,5,11.03,
488,Kolpashevo,RU,58.3131,82.9089,54.68,82,61,4.88,
489,Eydhafushi,MV,5.1033,73.0708,83.34,77,42,15.68,
490,Lima,PE,-12.0432,-77.0282,59.25,77,100,8.05,
491,Pocatello,US,42.8713,-112.4455,84.47,38,0,10.0,
492,Detmold,DE,51.8,8.0,74.98,35,76,19.24,
493,Concepcion,CL,-36.827,-73.0498,39.0,93,100,5.75,
494,Yangjiang,CN,21.85,111.9667,81.77,87,62,5.08,
495,Elko,US,41.0002,-115.5012,82.06,23,0,5.99,
496,Wajima,JP,37.4,136.9,74.95,92,99,8.25,
497,Havre-Saint-Pierre,CA,50.2334,-63.5986,66.56,59,0,10.36,
498,Estelle,US,29.8458,-90.1067,89.01,71,75,5.75,
499,Lilongwe,MW,-13.9669,33.7873,70.0,56,0,8.05,
500,Carolina,PR,18.3808,-65.9574,90.52,68,40,18.41,
501,Miyako,JP,39.6367,141.9525,66.67,90,99,5.5,
502,Matara,LK,5.9485,80.5353,77.29,88,31,9.89,
503,La Ligua,CL,-32.4524,-71.2311,47.88,86,100,5.57,
504,Iquitos,PE,-3.7481,-73.2472,84.24,74,40,3.44,
505,Canavieiras,BR,-15.675,-38.9472,76.96,62,99,7.31,
506,Yeppoon,AU,-23.1333,150.7333,47.98,68,0,6.24,
507,Kismayo,SO,-0.3582,42.5454,76.15,87,59,18.52,
508,Honningsvag,NO,70.9821,25.9704,60.55,88,76,2.3,
509,Zhangye,CN,38.9342,100.4517,71.35,56,100,4.65,
510,Wuwei,CN,37.9281,102.6414,69.49,72,100,6.53,
511,Inongo,CD,-1.95,18.2667,77.72,46,90,1.81,
512,The Valley,AI,18.217,-63.0578,84.81,79,99,21.7,
513,Biak,ID,-0.9131,122.8766,74.35,92,100,5.66,
514,Katobu,ID,-4.9408,122.5276,74.08,86,100,3.31,
515,Linkou,CN,45.3,130.2833,63.34,99,100,7.38,
516,Burnie,AU,-41.0667,145.9167,47.95,88,65,7.07,
517,Gasa,PS,31.5,34.4667,84.88,62,2,9.33,
518,Atambua,ID,-9.1061,124.8925,67.41,82,14,5.84,
519,Erenhot,CN,43.6475,111.9767,79.5,21,59,4.56,
520,Jacareacanga,BR,-6.2222,-57.7528,95.85,28,27,4.47,
521,Zheleznodorozhnyy,RU,55.7503,38.0042,72.14,63,97,7.74,
522,Alice Springs,AU,-23.7,133.8833,33.35,69,16,0.0,
523,Namatanai,PG,-3.6667,152.4333,79.07,85,100,9.4,
524,Masvingo,ZW,-20.0637,30.8277,61.54,38,4,4.41,
525,Menongue,AO,-14.6585,17.691,73.4,24,0,6.82,
526,Natchitoches,US,31.7668,-93.1335,81.45,78,0,0.0,
527,Denpasar,ID,-8.65,115.2167,78.46,83,20,8.05,
528,Hasaki,JP,35.7333,140.8333,73.8,92,100,9.57,
529,Zhanaozen,KZ,43.3,52.8,97.3,13,9,2.82,
530,Seaford,GB,50.7714,0.1027,82.56,36,28,13.0,
531,Mikhaylovsk,RU,45.1283,42.0256,75.42,46,0,13.42,
532,Sananduva,BR,-27.9497,-51.8067,58.98,94,100,8.68,
533,Saint Anthony,US,45.0205,-93.218,79.09,65,0,8.05,
534,Agropoli,IT,40.3469,14.9966,85.08,42,0,6.06,
535,Sola,VU,-13.8833,167.55,79.54,73,29,2.62,
536,Banda,IN,25.4833,80.3333,99.3,33,100,9.8,
537,Itarema,BR,-2.9248,-39.9167,85.91,57,7,15.61,
538,Lengshuijiang,CN,27.6881,111.4294,82.56,75,100,1.45,
539,Alyangula,AU,-13.8483,136.4192,66.74,61,34,13.42,
540,Norman Wells,CA,65.282,-126.8329,48.24,93,100,10.36,
541,Cervo,ES,43.6702,-7.4101,74.73,74,98,9.95,
542,Lasa,IT,46.6166,10.7002,84.69,41,65,2.98,
543,Labuhan,ID,-6.8844,112.2051,77.97,88,99,8.19,
544,Istanbul,TR,41.0351,28.9833,80.02,41,0,21.85,
545,Kurmanayevka,RU,52.5093,52.0675,75.24,64,100,15.73,
546,Izumo,JP,35.3667,132.7667,78.75,96,95,4.41,
547,Olkhovka,RU,53.2115,60.6069,76.69,64,1,5.1,
548,Victoria Point,AU,-27.5833,153.3,53.56,86,47,1.99,
549,Sao Jose Da Coroa Grande,BR,-8.8978,-35.1478,80.01,60,2,10.87,
550,Pangody,RU,65.85,74.4859,61.75,55,51,5.17,
551,Aguimes,ES,27.9054,-15.4461,75.83,57,20,29.93,
552,Ngunguru,NZ,-35.6167,174.5,52.61,90,70,12.66,
553,Southbridge,US,42.0751,-72.0334,83.26,84,4,5.5,
554,Abu Dhabi,AE,24.4667,54.3667,100.51,74,0,9.22,
555,Mount Isa,AU,-20.7333,139.5,51.57,35,15,8.05,
556,Cherskiy,RU,68.75,161.3,36.48,79,26,8.7,
557,Huicungo,PE,-7.2833,-76.8,79.05,83,40,5.75,
558,Isangel,VU,-19.55,169.2667,75.31,100,100,2.3,
559,Ucluelet,CA,48.9329,-125.5528,58.08,84,100,0.81,
560,Wagar,SD,16.1525,36.2032,88.5,46,92,15.01,
561,Safaga,EG,26.7292,33.9365,90.27,40,2,17.38,
562,Pedasi,PA,7.5333,-80.0333,81.05,75,94,4.56,
563,Nortelandia,BR,-14.4547,-56.8028,94.17,21,75,9.64,
564,Odweyne,SO,9.4092,45.064,78.35,46,96,23.11,
565,Port Arthur,CN,38.8,121.2667,73.62,65,35,6.8,
566,Olinda,BR,-8.0089,-34.8553,82.13,65,40,17.27,
567,Quatre Cocos,MU,-20.2078,57.7625,70.09,74,26,16.31,
568,Kulhudhuffushi,MV,6.6221,73.07,82.45,81,79,15.08,
569,Wrexham,GB,53.0,-3.0,68.04,60,20,17.27,
570,Bulgan,MN,48.8125,103.5347,54.32,89,2,6.49,
571,Maltahohe,NA,-24.8333,16.9833,65.62,19,0,9.42,
572,Kassala,SD,15.451,36.4,83.03,57,93,13.33,
573,Tautira,PF,-17.7333,-149.15,75.7,62,97,21.23,
574,Nerchinskiy Zavod,RU,51.3088,119.61,61.23,93,100,0.81,
575,Campos,BR,-21.75,-41.3,78.85,65,40,10.36,
576,Mozarlandia,BR,-14.7447,-50.5706,94.1,22,66,10.42,
577,Jumla,NP,29.2747,82.1838,65.16,86,100,1.77,
578,Areka,ET,7.0667,37.7,61.03,85,95,1.63,
579,Broken Hill,AU,-31.95,141.4333,41.92,77,0,4.63,
580,Savannah Bight,HN,16.45,-85.85,82.18,80,100,20.56,
581,Itoman,JP,26.1247,127.6694,84.97,92,75,6.91,
582,Itaqui,BR,-29.1253,-56.5531,69.3,90,96,15.84,
583,Fort Nelson,CA,58.8053,-122.7002,54.99,71,40,5.75,
584,Tarakan,ID,3.3,117.6333,76.5,94,100,3.44,
585,Isla Mujeres,MX,21.2311,-86.731,86.16,66,52,11.43,
586,Sechura,PE,-5.5569,-80.8222,70.61,61,66,13.85,
587,Anuradhapura,LK,8.3565,80.4173,78.42,80,87,16.49,
588,Yamada,JP,39.4667,141.95,66.78,90,98,4.63,
589,Luocheng,CN,29.3848,104.0286,77.81,96,71,3.38,
590,Amga,RU,60.8953,131.9608,66.31,88,76,1.28,
591,Nemuro,JP,43.3236,145.575,59.72,90,100,10.71,
592,Gat,IL,31.61,34.7642,85.41,3,0,10.0,
593,Dukat,RU,62.55,155.55,55.81,84,54,5.44,
594,Wanaka,NZ,-44.7,169.15,30.11,92,86,1.99,
595,Aksarka,RU,66.5606,67.7975,63.48,76,7,7.87,
596,Tilichiki,RU,60.4667,166.1,56.95,79,4,8.12,
597,Hambantota,LK,6.1241,81.1185,80.94,89,40,8.05,
598,Caravelas,BR,-17.7125,-39.2481,75.85,76,85,6.93,
599,Jalu,LY,29.0331,21.5482,92.93,21,0,14.18,
600,Murray Bridge,AU,-35.1167,139.2667,46.13,87,2,6.6,
601,Langevag,NO,62.4375,6.1892,56.97,71,40,12.66,
602,Aquiraz,BR,-3.9014,-38.3911,87.46,66,45,13.06,
603,Kirensk,RU,57.7853,108.1119,54.66,92,99,2.06,
604,Panguna,PG,-6.3164,155.4848,67.06,96,67,1.95,
605,San Rafael,AR,-34.6177,-68.3301,49.1,37,100,4.16,
606,Jilib,SO,0.4883,42.7854,76.23,80,69,9.66,
607,Khasan,RU,42.4308,130.6434,64.06,98,100,2.86,
608,Lagunas,PE,-5.2269,-75.6753,87.22,56,19,4.05,
609,Korla,CN,41.7597,86.1469,78.35,34,81,8.93,
610,Almaty,KZ,43.25,76.95,75.11,33,20,6.71,
611,Mayumba,GA,-3.432,10.6554,74.23,78,15,7.18,
612,Ambilobe,MG,-13.2,49.05,71.46,75,45,2.82,
613,Mikhaylovskoye,RU,51.8239,79.7172,64.83,57,81,4.0,
614,Burley,US,42.5357,-113.7928,69.76,56,0,0.0,
615,Okhotsk,RU,59.3833,143.3,57.76,98,82,3.4,
616,Andilamena,MG,-17.0167,48.5833,56.07,93,48,6.31,
617,Neuquen,AR,-38.9516,-68.0591,40.89,75,75,4.61,
618,Westport,US,41.1415,-73.3579,85.17,75,0,5.75,
619,Paraiso,CR,9.8383,-83.8656,75.88,91,92,2.8,
620,Serowe,BW,-22.3833,26.7167,63.55,26,3,7.0,
621,Sabang,ID,5.8933,95.3214,83.1,78,27,17.0,
622,Vagamo,NO,61.8751,9.0967,53.71,58,98,14.0,
623,Beloha,MG,-25.1667,45.05,66.02,77,0,5.68,
624,Calvinia,ZA,-31.4707,19.776,50.52,77,24,3.4,
625,Shizilu,CN,35.1711,118.8289,77.16,95,98,2.89,
626,Itaituba,BR,-4.2761,-55.9836,95.41,36,37,2.91,
627,Orel-Izumrud,RU,43.4583,39.9244,77.02,53,75,8.99,
628,Uttiramerur,IN,12.6,79.7667,86.88,49,83,16.64,
629,Muros,ES,42.7762,-9.0603,86.09,37,100,6.89,
630,Baruun-Urt,MN,46.6806,113.2792,68.22,48,38,0.65,
631,Wladyslawowo,PL,54.7909,18.4009,65.75,66,100,18.84,
632,Priargunsk,RU,50.3691,119.1012,62.35,94,100,3.69,
633,Itaguai,BR,-22.8522,-43.7753,85.62,69,40,4.61,
634,Bandarbeyla,SO,9.4942,50.8122,78.76,79,79,32.91,
635,Mirnyy,RU,62.5353,113.9611,64.24,59,86,4.0,
636,Oksfjord,NO,70.2396,22.3479,62.67,96,100,6.17,
637,Bang Rakam,TH,16.7585,100.1174,78.28,86,100,3.29,
638,La Ronge,CA,55.1001,-105.2842,68.25,40,20,10.36,
639,Jiwani,PK,25.05,61.7417,85.71,81,19,7.76,
640,Vanimo,PG,-2.6741,141.3028,77.09,87,88,1.23,
641,Redlands,US,34.0556,-117.1825,97.93,51,20,0.0,
642,Karatau,KZ,43.1667,70.4667,81.64,19,0,20.2,
643,Moose Factory,CA,51.2585,-80.6094,71.6,43,40,4.61,
644,Port Keats,AU,-14.25,129.55,61.23,32,3,9.15,
645,Gibgos,PH,13.859,123.7675,80.11,87,54,5.06,
646,Langxiang,CN,46.95,128.8833,63.7,96,100,5.01,
647,Pallipattu,IN,13.3386,79.4449,85.35,54,67,14.41,
648,Marzuq,YE,14.4,46.4667,77.27,57,98,19.53,
649,Mount Gambier,AU,-37.8333,140.7667,46.31,100,100,8.05,
650,Half Moon Bay,US,37.4636,-122.4286,71.87,81,100,6.91,
651,Kapoeta,SS,4.7717,33.5903,84.02,42,97,2.37,
652,Margate,GB,51.3813,1.3862,75.11,69,42,3.0,
653,Agadez,NE,19.75,10.25,102.85,10,13,7.96,
654,Chokwe,MZ,-24.5333,32.9833,71.89,37,0,6.71,
655,Nuuk,GL,64.1835,-51.7216,52.88,62,99,8.01,
656,Pangoa,PE,-12.1167,-73.0,79.74,59,100,3.13,
657,Corrente,BR,-3.7367,-43.3394,90.81,42,22,5.91,
658,Kushima,JP,31.4583,131.2333,79.47,94,58,7.7,
659,Buala,SB,-8.145,159.5921,77.07,78,89,3.89,
660,Puerto Colombia,CO,10.9878,-74.9547,87.89,71,31,5.14,
661,Vanderhoof,CA,54.0166,-124.0198,55.65,74,100,1.7,
662,Mankera,PK,31.3866,71.4407,91.81,53,29,14.12,
663,Polyarnyy,RU,69.1989,33.4478,62.55,92,100,15.82,
664,Paracuru,BR,-3.41,-39.0306,82.11,59,30,14.72,
665,Mmabatho,ZA,-25.85,25.6333,69.76,21,0,2.3,
666,Impfondo,CG,1.6381,18.0667,84.22,57,88,1.03,
667,Arlit,NE,18.7369,7.3853,107.04,8,4,9.42,
668,Takoradi,GH,4.8845,-1.7554,77.45,80,71,11.05,
669,Sarangani,PH,5.4033,125.4636,80.8,81,99,3.2,
670,Antalaha,MG,-14.9003,50.2788,69.8,80,8,10.69,
671,Harper,LR,4.375,-7.7169,77.32,76,100,8.72,
672,Tigzirt,DZ,36.8886,4.1198,84.36,54,0,14.58,
673,Saint-Prosper,CA,46.2117,-70.4811,64.04,94,100,2.08,
674,Severodvinsk,RU,64.5635,39.8302,73.51,67,93,3.38,
675,Newnan,US,33.3807,-84.7997,81.09,86,75,0.0,
676,Pemangkat,ID,1.1667,108.9667,79.57,76,88,3.36,
677,Yarmouth,US,41.7057,-70.2286,87.62,69,0,9.22,
678,Alexandria,EG,31.2156,29.9553,82.36,54,0,17.27,
679,Mansa,IN,29.9833,75.3833,85.66,69,16,10.69,
680,Puerto Palomas,MX,31.7667,-107.6167,86.5,34,5,10.71,
681,Praya,CV,14.9215,-23.5087,82.94,54,20,17.27,
682,Oktyabrskoye,RU,43.0645,44.7417,68.14,73,100,11.18,
683,Altay,CN,47.8667,88.1167,57.33,45,12,6.6,
684,Yulara,AU,-25.2406,130.9889,46.6,42,4,9.48,
685,Ust-Kuyga,RU,70.0167,135.6,55.85,77,73,3.91,
686,Diego De Almagro,CL,-26.3667,-70.05,51.3,56,21,8.01,
687,Dasuya,IN,31.8183,75.6597,79.81,85,100,8.32,
688,Haines Junction,CA,60.7522,-137.5108,48.15,81,72,2.3,
689,Malangwa,NP,26.8568,85.5581,89.96,62,13,6.58,
690,Balangir,IN,20.7167,83.4833,76.08,89,100,9.75,
691,Emba,KZ,48.8264,58.1442,91.18,21,14,7.52,
692,Kardailovo,RU,51.5386,53.9042,79.59,49,99,11.81,
693,Kresttsy,RU,58.2452,32.5165,62.94,73,84,4.47,
694,Fuyu,CN,45.1833,124.8167,65.03,97,100,8.34,
695,Gazojak,TM,41.1875,61.4036,95.77,12,0,13.6,
696,Vinh,VN,18.6667,105.6667,78.46,90,66,2.46,
697,Chapais,CA,49.7834,-74.8492,69.58,35,69,7.14,
698,Otradnoye,RU,59.7775,30.8181,67.03,86,74,6.87,
699,Qandala,SO,11.472,49.8728,91.51,52,86,9.28,
700,Sibu,MY,2.3,111.8167,73.71,94,40,8.05,
701,Pierre,US,44.3683,-100.351,83.05,61,0,13.8,
702,Brandon,US,27.9378,-82.2859,92.05,79,75,8.01,
703,Kutum,SD,14.2,24.6667,84.52,38,84,9.55,
704,Betanzos,ES,43.2804,-8.2147,95.65,59,0,6.91,
705,Krasnomayskiy,RU,57.6194,34.4099,62.13,81,73,5.5,
706,Osa,RU,57.2829,55.4567,72.61,87,100,2.68,
707,Tasiilaq,GL,65.6145,-37.6368,41.79,70,42,5.64,
708,Davila,PH,18.4726,120.5763,80.58,78,100,7.87,
709,Jiayuguan,CN,39.8167,98.3,67.21,58,100,6.08,
710,Shoranur,IN,10.7667,76.2833,72.46,95,100,2.06,
711,Tocopilla,CL,-22.092,-70.1979,59.97,63,40,5.84,
712,Taseyevo,RU,57.2169,94.8978,56.55,63,70,0.87,
713,Mangrol,IN,21.1167,70.1167,80.82,89,97,18.05,
714,Melchor De Mencos,GT,17.0686,-89.1522,88.72,53,100,8.77,
715,Pasinler,TR,39.9803,41.6764,74.39,61,0,8.16,
716,Bonthe,SL,7.5264,-12.505,80.24,77,94,12.06,
717,Rikitea,PF,-23.1203,-134.9692,65.84,86,100,4.88,moderate rain
718,Mataura,NZ,-46.1927,168.8643,35.47,98,97,2.33,light rain
719,Hobart,AU,-42.8794,147.3294,45.05,96,100,5.75,overcast clouds
720,Kiama,AU,-34.6833,150.8667,48.38,75,24,1.99,few clouds
721,Tochigi,JP,36.3833,139.7333,70.9,96,100,4.5,light rain
722,Atuona,PF,-9.8,-139.0333,77.74,67,26,16.69,scattered clouds
723,Nchelenge,ZM,-9.3451,28.734,71.4,56,25,3.0,scattered clouds
724,Jamestown,US,42.097,-79.2353,75.02,56,20,11.5,few clouds
725,Cape Town,ZA,-33.9258,18.4232,59.11,81,20,5.75,few clouds
726,Lagoa,PT,39.05,-27.9833,70.18,92,100,15.68,overcast clouds
727,Outjo,NA,-20.1167,16.15,65.68,22,0,9.84,clear sky
728,Tete,MZ,-16.1564,33.5867,72.97,40,3,3.06,clear sky
729,Katsuura,JP,35.1333,140.3,74.75,93,100,5.14,overcast clouds
730,Ushuaia,AR,-54.8,-68.3,33.42,74,20,4.61,few clouds
731,Anadyr,RU,64.75,177.4833,52.3,93,75,2.24,broken clouds
732,Malakal,SS,9.5334,31.6605,73.99,88,100,4.52,moderate rain
733,Hilo,US,19.7297,-155.09,76.62,94,75,3.44,broken clouds
734,Port Alfred,ZA,-33.5906,26.891,58.17,73,58,5.01,broken clouds
735,Nador,MA,35.174,-2.9287,86.07,74,20,6.91,few clouds
736,Dongsheng,CN,39.8161,109.9776,71.67,54,94,9.62,overcast clouds
737,Port Elizabeth,ZA,-33.918,25.5701,57.49,80,0,12.66,clear sky
738,Cabo San Lucas,MX,22.8909,-109.9124,93.61,51,20,6.91,few clouds
739,Narsaq,GL,60.9167,-46.05,55.62,70,100,9.6,overcast clouds
740,Yellowknife,CA,62.456,-114.3525,59.56,82,75,2.3,light intensity shower rain
741,Camacha,PT,33.0833,-16.3333,71.02,73,40,11.5,scattered clouds
742,Mackay,AU,-21.15,149.2,54.32,63,9,15.14,clear sky
743,Hithadhoo,MV,-0.6,73.0833,83.53,74,100,15.14,overcast clouds
744,Ponta Do Sol,PT,32.6667,-17.1,80.71,61,3,7.81,clear sky
745,Rawlins,US,41.7911,-107.2387,78.69,31,75,10.36,broken clouds
746,Thompson,CA,55.7435,-97.8558,64.56,100,100,0.0,overcast clouds
747,Ribeira Grande,PT,38.5167,-28.7,77.4,69,40,17.27,scattered clouds
748,Cayenne,GF,4.9333,-52.3333,87.84,1,40,5.75,scattered clouds
749,East London,ZA,-33.0153,27.9116,59.94,72,0,8.05,clear sky
750,Saint-Augustin,CA,51.226,-58.6502,68.4,44,43,7.43,scattered clouds
751,Vaini,TO,-21.2,-175.2,75.36,94,3,8.05,clear sky
752,Bluff,NZ,-46.6,168.3333,35.8,88,100,11.54,overcast clouds
753,Candelaria,PH,13.9311,121.4233,78.39,94,59,2.13,broken clouds
754,Vostok,RU,46.4856,135.8833,58.62,93,100,5.06,overcast clouds
755,Novikovo,RU,51.1537,37.8879,63.48,79,50,12.64,scattered clouds
756,Olavarria,AR,-36.8927,-60.3225,54.01,71,98,11.41,overcast clouds
757,Mahebourg,MU,-20.4081,57.7,70.25,73,75,10.36,broken clouds
758,Paamiut,GL,61.994,-49.6678,45.16,83,100,3.18,overcast clouds
759,San Quintin,MX,30.4833,-115.95,71.08,69,65,10.29,broken clouds
760,Coquimbo,CL,-29.9533,-71.3436,55.13,87,100,14.97,overcast clouds
761,Ariquemes,BR,-9.9133,-63.0408,95.54,27,10,4.45,clear sky
762,Zabol,AF,32.25,67.25,80.37,36,16,16.28,few clouds
763,Clyde River,CA,70.4692,-68.5914,46.63,76,0,9.22,clear sky
764,Busselton,AU,-33.65,115.3333,58.62,79,79,19.69,broken clouds
765,Arraial Do Cabo,BR,-22.9661,-42.0278,78.76,73,20,19.57,few clouds
766,Sao Filipe,CV,14.8961,-24.4956,76.41,73,17,14.54,few clouds
767,Lorengau,PG,-2.0226,147.2712,81.14,75,100,3.38,overcast clouds
768,Aklavik,CA,68.2191,-135.0107,41.0,81,100,10.36,shower rain
769,Khatanga,RU,71.9667,102.5,42.67,90,100,3.58,overcast clouds
770,Erzin,TR,36.9559,36.2,77.41,82,0,8.55,clear sky
771,Victoria,HK,22.2855,114.1577,86.38,81,99,5.01,overcast clouds
772,Ahipara,NZ,-35.1667,173.1667,55.71,85,86,10.87,overcast clouds
773,Carnarvon,AU,-24.8667,113.6333,67.69,81,5,11.03,clear sky
774,Punta Arenas,CL,-53.15,-70.9167,33.91,93,75,4.61,light intensity drizzle rain
775,Airai,TL,-8.9266,125.4092,53.98,87,42,2.8,scattered clouds
776,Hermanus,ZA,-34.4187,19.2345,56.8,81,34,1.52,scattered clouds
777,Taoudenni,ML,22.6783,-3.9836,115.34,6,36,13.42,scattered clouds
778,Savalou,BJ,7.9281,1.9756,78.89,83,93,6.44,light rain
779,New Norfolk,AU,-42.7826,147.0587,44.71,90,52,2.19,broken clouds
780,Birjand,IR,32.8663,59.2211,81.07,12,0,18.41,clear sky
781,Naze,JP,28.3667,129.4833,79.72,90,93,8.03,overcast clouds
782,High Level,CA,58.5169,-117.136,64.51,55,40,6.91,scattered clouds
783,Kumphawapi,TH,17.1087,103.0149,77.47,90,100,5.75,heavy intensity rain
784,Rawson,AR,-43.3002,-65.1023,47.39,56,100,13.62,overcast clouds
785,Sakaiminato,JP,35.55,133.2333,78.78,94,75,9.22,broken clouds
786,Klaksvik,FO,62.2266,-6.589,52.72,75,61,13.22,broken clouds
787,Vardo,NO,70.3705,31.1107,53.58,100,75,5.75,light intensity drizzle
788,Pedernales,DO,18.0384,-71.744,85.48,62,87,8.05,overcast clouds
789,Barrow,US,71.2906,-156.7887,33.82,80,100,9.22,haze
790,Kurilsk,RU,45.2333,147.8833,50.85,92,55,8.23,broken clouds
791,Ricse,HU,48.3256,21.9707,83.7,30,83,4.03,broken clouds
792,Castro,BR,-24.7911,-50.0119,70.79,56,92,13.11,overcast clouds
793,Bethel,US,41.3712,-73.414,85.89,65,20,5.75,few clouds
794,Pangai,TO,-19.8,-174.35,77.83,74,41,19.62,scattered clouds
795,Flinders,AU,-34.5833,150.8552,48.18,73,17,5.01,few clouds
796,Pangnirtung,CA,66.1451,-65.7125,48.2,87,20,14.97,few clouds
797,Bredasdorp,ZA,-34.5322,20.0403,52.05,84,58,3.53,broken clouds
798,Poum,NC,-20.2333,164.0167,72.21,57,9,19.06,clear sky
799,Alofi,NU,-19.0595,-169.9187,75.09,78,94,11.5,overcast clouds
800,Nikolskoye,RU,59.7035,30.7861,62.49,93,80,5.3,broken clouds
801,Pisco,PE,-13.7,-76.2167,64.02,67,0,9.22,clear sky
802,Kapaa,US,22.0752,-159.319,77.32,87,75,16.11,broken clouds
803,Labrea,BR,-7.2586,-64.7981,95.85,37,13,3.04,few clouds
804,Portobelo,PA,9.55,-79.65,86.11,73,97,4.29,overcast clouds
805,Georgetown,MY,5.4112,100.3354,82.89,90,20,0.0,few clouds
806,Raudeberg,NO,61.9875,5.1352,54.95,73,82,7.38,broken clouds
807,Tagusao,PH,9.1924,117.8141,80.26,84,92,6.51,overcast clouds
808,Kupang,ID,-10.1667,123.5833,73.24,74,5,11.21,clear sky
809,Tuktoyaktuk,CA,69.4541,-133.0374,39.2,87,75,24.16,broken clouds
810,Soteapan,MX,18.2333,-94.8667,79.48,77,98,5.06,overcast clouds
811,Pangkalanbuun,ID,-2.6833,111.6167,74.44,95,93,2.89,overcast clouds
812,Wanning,CN,18.8003,110.3967,81.54,90,97,6.96,overcast clouds
813,Medina,SA,24.4686,39.6142,106.23,10,0,14.97,clear sky
814,Snezhnogorsk,RU,69.1933,33.2531,65.98,92,100,14.14,overcast clouds
815,Esperance,AU,-33.8667,121.9,59.65,86,57,16.75,broken clouds
816,Ipixuna,BR,-1.7625,-48.8043,85.84,69,66,3.85,broken clouds
817,Lata,PT,40.1629,-8.3327,93.49,40,61,11.07,broken clouds
818,Dicabisagan,PH,17.0818,122.4157,80.35,87,74,5.97,broken clouds
819,Nome,US,64.5011,-165.4064,48.27,100,100,3.44,fog
820,Lithakia,GR,37.7167,20.8333,90.68,35,0,10.36,clear sky
821,Buraydah,SA,26.326,43.975,104.45,11,57,10.4,broken clouds
822,Leningradskiy,RU,69.3833,178.4167,34.3,80,100,10.83,overcast clouds
823,Puerto Ayora,EC,-0.7393,-90.3518,76.96,89,86,7.0,overcast clouds
824,Bayevo,RU,53.2833,80.7667,59.86,52,100,12.03,overcast clouds
825,Tucumcari,US,35.1717,-103.725,89.44,31,0,9.22,clear sky
826,Saint George,US,37.1041,-113.5841,97.95,25,0,1.99,clear sky
827,Xuddur,SO,4.1213,43.8894,78.26,64,94,18.54,overcast clouds
828,Chara,RU,56.9064,118.2631,64.51,85,100,1.72,light rain
829,Pitimbu,BR,-7.4706,-34.8086,84.79,69,13,15.86,few clouds
830,Sioux Lookout,CA,50.1001,-91.917,75.27,60,75,8.05,broken clouds
831,Kathmandu,NP,27.7167,85.3167,73.62,88,75,4.61,moderate rain
832,Lunavada,IN,23.1333,73.6167,81.25,86,93,10.09,heavy intensity rain
833,Lavrentiya,RU,65.5833,-171.0,48.42,71,100,6.42,overcast clouds
834,Bengkulu,ID,-3.8004,102.2655,76.82,92,100,4.27,moderate rain
835,Shache,CN,38.4167,77.2406,81.72,27,100,7.78,overcast clouds
836,Portland,US,45.5234,-122.6762,71.04,68,20,6.91,few clouds
837,Butaritari,KI,3.0707,172.7902,81.52,81,75,17.49,light rain
838,Niamey,NE,13.5137,2.1098,97.09,32,20,10.36,few clouds
839,Souillac,MU,-20.5167,57.5167,70.18,73,75,10.36,broken clouds
840,Ocos,GT,14.5094,-92.1933,81.77,77,100,8.55,overcast clouds
841,Kavieng,PG,-2.5744,150.7967,80.44,82,100,18.01,light rain
842,Ixtapa,MX,20.7,-105.2,88.23,74,75,4.61,broken clouds
843,Cidreira,BR,-30.1811,-50.2056,59.13,97,100,14.47,overcast clouds
844,Waingapu,ID,-9.6567,120.2641,72.59,85,2,7.94,clear sky
845,Paralimni,CY,35.0375,33.9833,91.89,92,0,8.99,clear sky
846,Backa Palanka,RS,45.2508,19.3919,90.95,20,75,6.46,broken clouds
847,Cairns,AU,-16.9167,145.7667,53.55,86,64,11.5,broken clouds
848,Iracoubo,GF,5.4802,-53.2011,82.89,79,47,9.53,scattered clouds
849,Senneterre,CA,48.3835,-77.2328,70.84,36,37,7.02,scattered clouds
850,Roma,US,43.2128,-75.4557,76.68,61,75,8.05,broken clouds
851,Deputatskiy,RU,69.3,139.9,45.19,92,27,3.98,scattered clouds
852,Katherine,AU,-14.4667,132.2667,48.52,71,5,5.75,clear sky
853,Albany,US,42.6001,-73.9662,80.46,56,9,1.01,clear sky
854,Krasnoselkup,RU,65.7,82.4667,55.49,63,99,6.11,overcast clouds
855,Chichica,PA,8.4922,-82.1627,82.31,74,71,4.36,broken clouds
856,Lisala,CD,2.15,21.5167,72.12,95,100,0.92,overcast clouds
857,Yeniseysk,RU,58.4497,92.1703,47.3,92,68,2.98,broken clouds
858,College,US,64.8569,-147.8028,55.35,59,40,3.44,smoke
859,Chaman,PK,30.9236,66.4512,89.08,15,2,7.45,clear sky
860,Xinxiang,CN,35.3089,113.8672,82.35,68,51,5.12,broken clouds
861,Kaseda,JP,31.4167,130.3167,80.96,92,72,12.93,broken clouds
862,Lubango,AO,-14.9172,13.4925,71.46,16,0,9.22,clear sky
863,Kloulklubed,PW,7.0419,134.2556,73.9,76,100,5.86,overcast clouds
864,Kodiak,US,57.79,-152.4072,56.71,82,100,0.0,overcast clouds
865,Tuatapere,NZ,-46.1333,167.6833,40.44,94,97,3.06,overcast clouds
866,Chokurdakh,RU,70.6333,147.9167,45.05,62,25,6.64,scattered clouds
867,Makhachkala,RU,42.9764,47.5024,91.38,53,48,16.49,scattered clouds
868,Salalah,OM,17.0151,54.0924,78.89,94,75,5.75,broken clouds
869,Mar Del Plata,AR,-38.0023,-57.5575,53.62,89,100,14.0,overcast clouds
870,Kahului,US,20.8947,-156.47,77.85,79,20,13.8,few clouds
871,Sobolevo,RU,54.4299,31.8996,61.66,89,42,12.3,moderate rain
872,Talnakh,RU,69.4865,88.3972,54.21,65,100,2.48,overcast clouds
873,Pevek,RU,69.7008,170.3133,34.05,83,8,12.91,clear sky
874,Upernavik,GL,72.7868,-56.1549,39.79,87,29,13.4,scattered clouds
875,Turbat,PK,26.0023,63.044,91.76,57,81,9.06,broken clouds
876,Ternate,ID,0.8,127.4,80.4,77,100,1.63,overcast clouds
877,Yar-Sale,RU,66.8333,70.8333,56.52,63,100,11.34,overcast clouds
878,Avarua,CK,-21.2078,-159.775,73.45,64,100,9.22,overcast clouds
879,Juneau,US,58.3019,-134.4197,56.21,93,75,3.44,broken clouds
880,Usevya,TZ,-7.1,31.2333,72.23,35,2,5.08,clear sky
881,Beringovskiy,RU,63.05,179.3167,46.83,98,100,6.96,moderate rain
882,Tambopata,PE,-12.7333,-69.1833,76.89,78,75,4.61,broken clouds
883,Saint-Denis,FR,48.9167,2.3333,89.85,34,0,12.66,clear sky
884,Nsanje,MW,-16.92,35.262,67.8,58,1,3.87,clear sky
885,Rundu,NA,-17.9333,19.7667,64.04,29,0,5.35,clear sky
886,Qaanaaq,GL,77.484,-69.3632,44.53,83,98,5.84,overcast clouds
887,Teya,RU,60.3778,92.6267,47.66,76,57,2.28,broken clouds
888,Makamba,BI,-4.1348,29.804,65.1,53,48,0.87,scattered clouds
889,Meulaboh,ID,4.1363,96.1285,77.83,90,42,6.4,scattered clouds
890,Codrington,AU,-38.2667,141.9667,43.56,97,26,8.63,scattered clouds
891,Longyearbyen,SJ,78.2186,15.6401,57.04,67,0,6.91,clear sky
892,Mendi,PG,-6.1761,143.6513,55.83,100,99,0.83,light rain
893,Richards Bay,ZA,-28.783,32.0377,66.88,66,0,9.15,clear sky
894,Chuy,UY,-33.6971,-53.4616,62.56,79,65,11.14,broken clouds
895,Alta Floresta,BR,-9.8756,-56.0861,96.62,28,0,6.91,clear sky
896,Ajra,IN,16.1167,74.2,69.85,93,100,17.31,overcast clouds
897,Ron Phibun,TH,8.1791,99.8542,75.51,90,100,4.9,overcast clouds
898,Dikson,RU,73.5069,80.5464,41.58,78,10,12.1,clear sky
899,Bay Roberts,CA,47.5999,-53.2648,80.65,64,2,5.01,clear sky
900,Mbanza-Ngungu,CD,-5.25,14.8667,78.58,37,8,5.01,clear sky
901,Cristalina,BR,-16.7686,-47.6136,77.43,29,13,8.97,few clouds
902,Muskogee,US,35.5834,-95.3336,94.96,54,0,6.91,clear sky
903,Severo-Kurilsk,RU,50.6789,156.125,52.21,97,84,7.61,broken clouds
904,Havelock,US,34.8791,-76.9013,89.55,78,40,6.91,scattered clouds
905,Padang,ID,-0.9492,100.3543,78.1,86,100,5.66,moderate rain
906,Domoni,KM,-12.2569,44.5319,75.06,77,36,10.76,scattered clouds
907,Omboue,GA,-1.5746,9.2618,74.19,77,37,9.15,scattered clouds
908,Shenjiamen,CN,29.9576,122.298,77.02,94,100,9.64,overcast clouds
909,Sitka,US,57.0531,-135.33,55.29,71,75,8.05,broken clouds
910,Angarsk,RU,52.5367,103.8864,57.92,94,96,4.7,overcast clouds
911,North Myrtle Beach,US,33.816,-78.68,91.11,71,20,5.75,few clouds
912,Bonavista,CA,48.6499,-53.1147,56.64,74,8,11.41,clear sky
913,Dudinka,RU,69.4058,86.1778,54.63,71,92,8.37,overcast clouds
914,Hami,CN,42.8,93.45,81.9,18,35,12.1,scattered clouds
915,Karratha,AU,-20.7377,116.8463,65.39,61,22,7.11,light rain
916,Cap Malheureux,MU,-19.9842,57.6142,70.47,71,46,8.99,scattered clouds
917,Voghera,IT,44.9947,9.0086,95.2,31,28,13.94,scattered clouds
918,Frankfurt,DE,50.1167,8.6833,83.37,36,0,17.27,clear sky
919,Torbay,CA,47.6666,-52.7314,79.88,63,40,10.0,scattered clouds
920,Pyay,MM,18.8167,95.2167,77.27,93,80,7.43,broken clouds
921,Provideniya,RU,64.3833,-173.3,51.91,60,100,6.04,overcast clouds
922,Bandiagara,ML,14.3501,-3.6104,93.65,33,85,10.07,overcast clouds
923,Praia Da Vitoria,PT,38.7333,-27.0667,79.05,73,75,15.64,broken clouds
924,Tiksi,RU,71.6872,128.8694,41.67,88,90,3.04,overcast clouds
925,Dali,CN,25.7,100.1833,66.85,83,15,3.24,few clouds
926,Sotnikovo,RU,51.8845,107.4791,59.09,94,40,4.47,scattered clouds
927,Massakory,TD,12.996,15.7293,90.37,39,100,1.72,overcast clouds
928,Arman,RU,59.7,150.1667,60.67,87,53,2.53,broken clouds
929,Samarai,PG,-10.6167,150.6667,76.35,74,100,20.18,overcast clouds
930,Sur,OM,22.5667,59.5289,91.26,57,97,8.28,overcast clouds
931,Kruisfontein,ZA,-34.0033,24.7314,54.88,88,21,9.57,few clouds
932,Atar,MR,20.5169,-13.0499,107.56,17,16,11.99,few clouds
933,Kurtalan,TR,37.9272,41.7028,91.06,13,0,2.57,clear sky
934,Bathsheba,BB,13.2167,-59.5167,88.41,82,40,17.27,scattered clouds
935,Tessalit,ML,20.1986,1.0114,108.52,11,34,2.42,scattered clouds
936,Tres Picos,MX,15.8667,-93.5333,84.88,74,100,2.42,overcast clouds
937,Vila Franca Do Campo,PT,37.7167,-25.4333,73.81,80,87,11.25,overcast clouds
938,Karachi,PK,24.9056,67.0822,84.02,70,100,5.75,moderate rain
939,Ilulissat,GL,69.2167,-51.1,45.1,52,4,8.32,clear sky
940,Bereda,ES,43.2686,-7.5406,86.41,76,100,7.81,overcast clouds
941,Sooke,CA,48.3746,-123.7276,67.08,68,28,5.93,scattered clouds
942,Ballina,AU,-28.8667,153.5667,53.02,79,83,13.2,broken clouds
943,Gazanjyk,TM,39.2446,55.5154,93.24,13,0,9.22,clear sky
944,Olafsvik,IS,64.8945,-23.7142,50.83,73,30,2.59,scattered clouds
945,San Patricio,US,28.017,-97.5169,95.07,40,6,11.5,clear sky
946,Faanui,PF,-16.4833,-151.75,77.07,74,55,24.96,light rain
947,Brae,GB,60.3964,-1.353,54.18,78,94,12.19,overcast clouds
948,Luderitz,NA,-26.6481,15.1594,63.93,52,0,14.54,clear sky
949,Colares,PT,38.7992,-9.4469,94.66,40,0,8.05,clear sky
950,Cockburn Town,TC,21.4612,-71.1419,81.75,75,100,16.17,overcast clouds
951,Hays,US,30.0502,-98.0336,97.09,45,0,1.99,clear sky
952,Cody,US,44.5263,-109.0565,82.02,56,0,12.66,clear sky
953,Do Gonbadan,IR,30.3586,50.7981,98.69,9,40,6.91,scattered clouds
954,Lumby,CA,50.2498,-118.969,73.04,48,26,5.75,scattered clouds
955,Coihaique,CL,-45.5752,-72.0662,33.75,69,75,3.44,broken clouds
956,Central Point,US,42.376,-122.9164,77.41,56,0,1.99,clear sky
957,Grindavik,IS,63.8424,-22.4338,52.27,66,75,8.05,broken clouds
958,Gabu,GW,12.2833,-14.2167,84.25,76,100,5.88,light rain
959,Sozimskiy,RU,59.7418,52.2482,66.11,95,77,1.88,light rain
960,Bubaque,GW,11.2833,-15.8333,80.08,81,92,10.85,light rain
961,Aktas,KZ,49.7789,72.9608,65.95,34,9,5.64,clear sky
962,Berlevag,NO,70.8578,29.0864,64.4,87,100,4.61,fog
963,Black River,JM,18.0264,-77.8487,87.39,58,18,9.19,few clouds
964,Newport,GB,51.5877,-2.9984,75.43,41,52,15.68,broken clouds
965,Juybar,IR,36.6412,52.9124,84.29,68,0,5.46,clear sky
966,Boa Vista,BR,2.8197,-60.6733,73.38,88,100,11.5,overcast clouds
967,Iqaluit,CA,63.7506,-68.5145,46.13,75,75,6.91,broken clouds
968,Vaitape,PF,-16.5167,-151.75,77.0,73,58,24.9,light rain
969,Mgandu,TZ,-5.95,34.1333,66.25,46,6,6.08,clear sky
970,Petropavlovsk-Kamchatskiy,RU,53.0452,158.6483,54.19,100,100,4.47,fog
971,Dingle,PH,10.9995,122.6711,75.88,92,41,2.06,scattered clouds
972,San Isidro,PE,-12.1167,-77.05,62.19,72,40,9.22,scattered clouds
973,Nelson Bay,AU,-32.7167,152.15,52.0,87,91,11.99,overcast clouds
974,Mokokchung,IN,26.3333,94.5333,67.55,97,1,4.09,clear sky
975,Acajutla,SV,13.5928,-89.8275,84.04,67,100,3.4,overcast clouds
976,Barabinsk,RU,55.3571,78.357,62.13,62,100,9.37,overcast clouds
977,Pipri,IN,19.8,75.5333,74.48,87,100,16.6,overcast clouds
978,Aripuana,BR,-9.1667,-60.6333,95.95,26,6,3.2,clear sky
979,Morondava,MG,-20.2833,44.2833,73.96,66,0,15.88,clear sky
980,Tshela,CD,-4.9833,12.9333,79.43,54,25,3.62,scattered clouds
981,Guiratinga,BR,-16.3494,-53.7583,91.31,18,56,11.45,broken clouds
982,Guerrero Negro,MX,27.9769,-114.0611,71.2,66,23,13.62,few clouds
983,Xining,CN,36.6167,101.7667,63.79,91,100,4.12,overcast clouds
984,Shelburne,CA,44.0787,-80.2041,73.11,40,4,9.31,clear sky
985,Tuburan,PH,6.6439,122.2736,80.01,79,97,1.14,overcast clouds
986,Bambous Virieux,MU,-20.3428,57.7575,70.21,73,75,10.36,light rain
987,Byron Bay,AU,-28.65,153.6167,52.95,83,82,14.41,broken clouds
988,Port Lincoln,AU,-34.7333,135.8667,50.11,69,32,10.92,scattered clouds
989,North Bend,US,43.4065,-124.2243,64.17,88,75,9.22,broken clouds
990,Batticaloa,LK,7.7102,81.6924,83.12,59,52,12.17,broken clouds
991,Kaitangata,NZ,-46.2817,169.8464,38.84,94,96,6.87,overcast clouds
992,Namibe,AO,-15.1961,12.1522,65.03,82,100,13.8,overcast clouds
993,Pacasmayo,PE,-7.4006,-79.5714,68.07,68,45,15.14,scattered clouds
994,Lhokseumawe,ID,5.1801,97.1507,78.06,88,58,6.58,broken clouds
995,Mitsamiouli,KM,-11.3847,43.2844,79.09,65,40,14.97,scattered clouds
996,Turukhansk,RU,65.8167,87.9833,49.59,79,60,6.26,broken clouds
997,Komsomolskiy,UZ,40.4272,71.7189,83.12,30,0,4.61,clear sky
998,Cabedelo,BR,-6.9811,-34.8339,84.87,72,37,17.38,scattered clouds
999,Nanortalik,GL,60.1432,-45.2371,48.4,75,100,8.16,overcast clouds
1000,Sena Madureira,BR,-9.0656,-68.6569,93.67,39,100,3.58,light rain
1001,Port Hardy,CA,50.6996,-127.4199,55.58,94,100,2.3,light rain
1002,Smolenka,RU,52.1352,113.4974,68.07,73,0,8.95,clear sky
1003,San Policarpo,PH,12.1791,125.5072,81.01,82,95,4.56,overcast clouds
1004,Umiray,PH,15.2206,121.4111,80.33,85,87,3.91,overcast clouds
1005,Hofn,IS,64.2539,-15.2082,60.82,44,20,20.71,few clouds
1006,Chanika,TZ,-5.4167,38.0167,66.34,81,100,3.71,overcast clouds
1007,Muyezerskiy,RU,63.9333,31.65,67.89,58,68,4.21,broken clouds
1008,Zhaotong,CN,27.3167,103.7167,66.11,78,38,3.15,scattered clouds
1009,Mackenzie,CA,55.2999,-123.1698,57.42,62,100,6.91,overcast clouds
1010,Caucaia,BR,-3.7361,-38.6531,87.31,62,40,17.27,scattered clouds
1011,Severomuysk,RU,56.1481,113.4267,54.97,77,96,3.58,overcast clouds
1012,Fortuna,US,40.5982,-124.1573,56.93,91,100,6.51,overcast clouds
1013,Saldanha,ZA,-33.0117,17.9442,55.45,87,5,9.53,clear sky
1014,Olinala,MX,17.8333,-98.85,75.63,61,97,3.24,overcast clouds
1015,Snasa,NO,64.2457,12.3778,51.21,96,100,11.01,overcast clouds
1016,Kirillov,RU,59.863,38.3813,63.77,76,52,4.38,broken clouds
1017,Kaura Namoda,NG,12.5898,6.5779,92.3,42,40,9.44,scattered clouds
1018,Andenes,NO,69.3143,16.1194,51.93,93,100,10.36,overcast clouds
1019,Methoni,GR,36.8197,21.7049,85.86,64,0,16.51,clear sky
1020,Rivne,UA,50.6231,26.2274,69.06,76,61,5.35,broken clouds
1021,Saskylakh,RU,71.9167,114.0833,41.54,93,100,7.16,overcast clouds
1022,Marquette,US,46.5333,-87.6335,70.77,53,0,6.04,clear sky
1023,Yen Bai,VN,21.7,104.8667,78.71,94,53,3.38,broken clouds
1024,Cabangahan,PH,9.0781,122.9469,79.83,79,93,5.06,heavy intensity rain
1025,Viedma,AR,-40.8135,-62.9967,52.2,64,100,19.37,overcast clouds
1026,Qaqortoq,GL,60.7167,-46.0333,49.66,73,100,5.95,overcast clouds
1027,Kysyl-Syr,RU,63.8986,122.7617,59.9,99,19,4.0,few clouds
1028,Rafaela,AR,-31.2503,-61.4867,73.99,37,16,1.99,few clouds
1029,Prescott,US,34.54,-112.4685,86.95,44,0,4.0,clear sky
1030,Pak Kret,TH,13.913,100.4988,80.98,83,20,5.75,light rain
1031,Srednekolymsk,RU,67.45,153.6833,49.84,48,98,10.92,overcast clouds
1032,Christchurch,NZ,-43.5333,172.6333,41.47,92,100,2.3,overcast clouds
1033,Nishihara,JP,26.1842,127.7558,84.25,89,75,9.22,broken clouds
1034,Axim,GH,4.8699,-2.2405,77.04,80,87,10.27,overcast clouds
1035,Huancabamba,PE,-5.2386,-79.4506,70.79,60,42,2.93,light rain
1036,Lazaro Cardenas,MX,17.9583,-102.2,86.99,60,99,0.76,overcast clouds
1037,Celestun,MX,20.8667,-90.4,89.24,56,100,3.87,overcast clouds
1038,Faya,SA,18.3851,42.4509,71.71,60,86,4.9,overcast clouds
1039,Palmer,US,42.1584,-72.3287,84.24,69,75,0.0,broken clouds
1040,Oliver,CA,49.1831,-119.5524,71.85,40,6,1.14,clear sky
1041,Shorewood,US,41.52,-88.2017,81.28,50,0,8.05,clear sky
1042,Egvekinot,RU,66.3167,-179.1667,45.01,70,99,5.41,overcast clouds
1043,Karpogory,RU,64.0019,44.4451,72.09,55,65,3.02,broken clouds
1044,Monopoli,IT,40.9559,17.2896,86.45,52,0,8.16,clear sky
1045,Batagay-Alyta,RU,67.8006,130.4114,57.52,80,46,2.48,scattered clouds
1046,Ostersund,SE,63.1792,14.6357,50.45,81,75,21.85,light rain
1047,Kambove,CD,-10.8764,26.5969,65.17,42,25,1.92,scattered clouds
1048,Hervey Bay,AU,-25.2986,152.8535,56.21,75,17,13.89,few clouds
1049,Ambulu,ID,-8.345,113.6058,74.46,89,73,4.99,broken clouds
1050,Lompoc,US,34.6391,-120.4579,67.93,85,100,4.61,overcast clouds
1051,Talara,PE,-4.5772,-81.2719,70.56,68,0,23.02,clear sky
1052,Kang,BW,-23.6752,22.7876,62.62,25,0,7.76,clear sky
1053,Acapulco,MX,16.8634,-99.8901,84.02,79,20,5.75,few clouds
1054,Manaure,CO,11.7751,-72.4445,89.44,45,44,22.15,scattered clouds
1055,Zhigansk,RU,66.7697,123.3711,58.3,99,87,9.64,light rain
1056,Saint-Philippe,RE,-21.3585,55.7679,69.39,81,68,12.21,light rain
1057,Inhambane,MZ,-23.865,35.3833,67.87,64,0,6.98,clear sky
1058,Tineo,ES,43.3376,-6.4145,70.63,56,50,6.8,scattered clouds
1059,Ostrovnoy,RU,68.0531,39.5131,64.04,91,97,7.38,light rain
1060,Bagaces,CR,10.5271,-85.2548,82.33,68,93,2.08,overcast clouds
1061,San Cristobal,VE,7.7669,-72.225,80.78,35,26,6.31,scattered clouds
1062,Nyzhnya Duvanka,UA,49.5846,38.1743,66.72,64,69,12.91,broken clouds
1063,Saint Simons,US,31.1352,-81.3901,89.65,55,0,9.22,clear sky
1064,Broome,US,42.2506,-75.833,76.69,63,9,3.0,clear sky
1065,Ulladulla,AU,-35.35,150.4667,44.11,82,5,5.39,clear sky
1066,Terrace,CA,54.5163,-128.6035,53.51,100,100,3.44,light rain
1067,Mariinsk,RU,56.2139,87.7472,51.15,70,85,4.25,overcast clouds
1068,Santo Antonio Do Leverger,BR,-15.8656,-56.0767,91.78,18,93,11.07,overcast clouds
1069,Semey,KZ,50.4111,80.2275,66.11,47,43,6.46,scattered clouds
1070,Mindif,CM,10.3976,14.4363,83.64,58,63,7.11,broken clouds
1071,Kota Bahru,MY,6.1333,102.2386,76.98,94,20,2.3,few clouds
1072,Teplodar,UA,46.5059,30.3252,80.19,37,70,4.97,broken clouds
1073,Hualmay,PE,-11.0964,-77.6139,65.73,68,35,11.99,scattered clouds
1074,Bilibino,RU,68.0546,166.4372,44.31,69,9,5.06,clear sky
1075,Luganville,VU,-15.5333,167.1667,74.55,82,55,3.65,broken clouds
1076,Dunboyne,IE,53.4,-6.4667,68.36,52,75,10.36,broken clouds
1077,Uni,RU,57.7535,51.4923,67.37,92,89,8.19,overcast clouds
1078,Touros,BR,-5.1989,-35.4608,80.01,77,37,16.98,light rain
1079,Husavik,IS,66.0449,-17.3389,49.62,79,58,7.05,broken clouds
1080,Kaeo,NZ,-35.1,173.7833,50.32,96,64,7.07,broken clouds
1081,Mildura,AU,-34.2,142.15,46.08,79,0,1.32,clear sky
1082,Manggar,ID,-2.8833,108.2667,81.19,79,54,6.64,broken clouds
1083,Douglas,US,41.3,-96.167,87.73,55,0,13.8,clear sky
1084,Sorong,ID,-0.8833,131.25,76.59,91,100,7.07,overcast clouds
1085,Prince Rupert,CA,54.3161,-130.3201,55.09,89,100,27.63,light rain
1086,Minusinsk,RU,53.7103,91.6875,55.42,65,87,4.29,overcast clouds
1087,Boulder,US,40.0833,-105.3505,85.21,32,0,4.0,clear sky
1088,Vagur,FO,61.4732,-6.8119,50.67,87,52,14.45,broken clouds
1089,Laguna,US,38.421,-121.4238,86.94,56,0,0.0,clear sky
1090,Panaba,MX,21.2833,-88.2667,92.23,43,100,11.68,overcast clouds
1091,Corn Island,NI,12.1694,-83.0418,81.14,83,72,21.07,broken clouds
1092,Tukrah,LY,32.5341,20.5791,78.49,51,0,13.4,clear sky
1093,Malayal,PH,7.208,121.942,79.5,83,100,4.16,heavy intensity rain
1094,Parrita,CR,9.5201,-84.3225,83.97,70,97,4.99,overcast clouds
1095,Labuan,MY,5.2767,115.2417,79.16,89,20,2.3,few clouds
1096,Goundam,ML,16.4145,-3.6708,100.63,28,61,6.51,broken clouds
1097,Kampene,CD,-3.6,26.6667,78.87,54,93,2.39,overcast clouds
1098,Constitucion,CL,-35.3333,-72.4167,45.59,90,97,11.18,moderate rain
1099,Inta,RU,66.0317,60.1659,73.53,75,46,10.69,scattered clouds
1100,Lensk,RU,60.7253,114.9278,59.92,92,14,4.83,few clouds
1101,Longonjo,AO,-12.9067,15.2533,67.77,29,1,4.23,clear sky
1102,Sitrah,BH,26.1547,50.6206,95.22,75,4,3.44,clear sky
1103,Kuching,MY,1.55,110.3333,77.22,94,40,0.0,light rain
1104,Lithgow,AU,-33.4833,150.15,30.94,93,1,2.33,clear sky
1105,Kamenka,RU,51.3223,42.7678,61.25,80,98,4.18,overcast clouds
1106,Geraldton,AU,-28.7667,114.6,63.01,72,8,10.36,clear sky
1107,Nogent-Le-Rotrou,FR,48.3333,1.0,81.64,22,59,16.51,broken clouds
1108,Port Blair,IN,11.6667,92.75,80.64,89,100,5.75,light rain
1109,Rio Gallegos,AR,-51.6226,-69.2181,32.05,86,40,4.61,scattered clouds
1110,Dabakala,CI,8.3667,-4.4333,83.79,67,100,4.63,overcast clouds
1111,Natal,BR,-5.795,-35.2094,82.62,74,75,17.27,broken clouds
1112,Necochea,AR,-38.5473,-58.7368,55.22,60,100,10.54,overcast clouds
1113,Thinadhoo,MV,0.5333,72.9333,83.71,73,65,11.88,broken clouds
1114,Tateyama,JP,34.9833,139.8667,76.1,92,100,4.61,light rain
1115,Baykit,RU,61.67,96.37,49.5,93,47,1.7,light rain
1116,Taft,IR,31.7471,54.2088,84.15,13,0,4.61,clear sky
1117,Amparafaravola,MG,-17.5833,48.2167,56.93,95,56,3.89,broken clouds
1118,Arinos,BR,-15.9169,-46.1056,87.78,24,20,7.07,few clouds
1119,Cangucu,BR,-31.395,-52.6756,54.61,97,99,5.61,overcast clouds
1120,Sumbe,AO,-11.2061,13.8437,70.39,84,4,7.67,clear sky
1121,Talcahuano,CL,-36.7167,-73.1167,38.88,93,75,8.05,broken clouds
1122,Smithers,CA,54.7804,-127.1743,52.12,87,100,3.44,light rain
1123,Cartagena,CO,10.3997,-75.5144,87.42,70,40,4.61,scattered clouds
1124,Amudat,UG,1.95,34.95,75.97,49,100,1.66,overcast clouds
1125,Mayo,US,38.8876,-76.5119,89.11,54,0,8.99,clear sky
1126,Mbala,ZM,-8.8402,31.3659,61.56,45,9,4.79,clear sky
1127,Kembe,CF,4.6228,21.8865,70.68,93,96,1.5,light rain
1128,Maple Creek,CA,49.9168,-109.4848,70.21,77,8,2.3,clear sky
1129,Omsukchan,RU,62.5333,155.8,57.33,82,40,4.99,scattered clouds
1130,San Ramon,US,37.7799,-121.978,76.39,69,0,5.75,clear sky
1131,Shunyi,CN,40.125,116.6453,78.75,73,0,4.47,clear sky
1132,Sturgis,US,41.7992,-85.4192,77.25,53,40,0.0,scattered clouds
1133,Bindura,ZW,-17.3019,31.3306,61.61,34,28,1.9,scattered clouds
1134,Tindivanam,IN,12.25,79.65,85.35,49,99,17.6,overcast clouds
1135,Santa Isabel,BR,-23.3156,-46.2214,74.91,45,21,3.44,few clouds
1136,Ancud,CL,-41.8697,-73.8203,42.22,76,75,6.91,broken clouds
1137,Tiznit,MA,29.5833,-9.5,87.58,34,2,7.87,clear sky
1138,Salinopolis,BR,-0.6136,-47.3561,82.62,76,31,14.5,scattered clouds
1139,Kralendijk,BQ,12.15,-68.2667,87.78,62,40,12.66,scattered clouds
1140,Trinidad,BO,-14.8333,-64.9,84.18,61,75,9.22,broken clouds
1141,Kattivakkam,IN,13.2167,80.3167,88.07,65,94,19.28,overcast clouds
1142,Liwale,TZ,-9.7667,37.9333,71.89,53,94,4.41,overcast clouds
1143,Pandan,PH,14.0453,124.1694,80.19,84,31,5.19,scattered clouds
1144,Acarau,BR,-2.8856,-40.12,85.66,59,9,16.49,clear sky
1145,Fairbanks,US,64.8378,-147.7164,55.36,59,20,3.44,smoke
1146,Avera,US,33.194,-82.5271,82.38,59,89,9.04,overcast clouds
1147,Siniscola,IT,40.5719,9.6922,89.15,47,2,6.55,clear sky
1148,Saint-Donat-De-Montcalm,CA,46.3187,-74.2219,64.83,77,97,5.06,overcast clouds
1149,Lebu,CL,-37.6167,-73.65,44.76,83,99,11.88,overcast clouds
1150,Upington,ZA,-28.4478,21.2561,62.98,31,0,4.61,clear sky
1151,Roald,NO,62.5833,6.1333,58.12,67,40,12.66,scattered clouds
1152,Blagoyevo,RU,63.3667,47.9167,71.78,66,74,2.8,broken clouds
1153,Grenville,GD,12.1167,-61.6167,86.05,76,18,13.4,few clouds
1154,Rohri,PK,27.6922,68.8951,80.47,94,75,11.5,light rain
1155,Santa Cruz,BO,-17.8,-63.1667,82.45,54,75,27.63,broken clouds
1156,Piacabucu,BR,-10.4056,-36.4344,79.14,65,21,11.05,few clouds
1157,Kieta,PG,-6.2167,155.6333,77.56,85,84,5.17,broken clouds
1158,Port Hedland,AU,-20.3167,118.5667,55.45,88,74,8.05,broken clouds
1159,Mareeba,AU,-17.0,145.4333,48.92,86,62,2.01,broken clouds
1160,Grand Gaube,MU,-20.0064,57.6608,70.38,71,45,8.99,scattered clouds
1161,Bardiyah,LY,31.7561,25.0865,77.81,53,0,21.07,clear sky
1162,Tirumullaivasal,IN,11.2333,79.8333,83.57,58,98,17.07,overcast clouds
1163,Te Anau,NZ,-45.4167,167.7167,33.3,94,61,0.87,light snow
1164,Eyl,SO,7.9803,49.8164,81.39,70,86,25.34,overcast clouds
1165,Sanary-Sur-Mer,FR,43.1178,5.8001,88.92,67,1,8.01,clear sky
1166,Sao Miguel Do Araguaia,BR,-13.275,-50.1628,95.05,22,49,8.99,scattered clouds
1167,Mets Masrik,AM,40.2183,45.7681,59.32,76,0,7.43,clear sky
1168,Bilma,NE,18.6853,12.9164,104.31,11,11,6.31,few clouds
1169,Dickson,US,36.077,-87.3878,88.97,42,0,8.05,clear sky
1170,Adrar,MR,20.5022,-10.0711,108.59,13,7,7.49,clear sky
1171,Vestmannaeyjar,IS,63.4427,-20.2734,52.79,76,20,12.66,few clouds
1172,Keti Bandar,PK,24.1447,67.4497,86.99,80,76,8.43,heavy intensity rain
1173,Mnogovershinnyy,RU,53.9353,139.9242,56.08,92,84,0.96,broken clouds
1174,Ayorou,NE,14.7308,0.9174,100.6,27,11,2.33,few clouds
1175,Hamilton,US,39.1834,-84.5333,85.15,54,0,10.36,clear sky
1176,Adelaide,AU,-34.9333,138.6,48.29,81,0,6.91,clear sky
1177,Puerto Madero,MX,14.7208,-92.4215,81.66,76,100,7.4,overcast clouds
1178,Kodinsk,RU,58.6881,99.1844,51.4,73,75,2.77,broken clouds
1179,Livingston,GB,55.9029,-3.5226,67.14,56,40,13.8,scattered clouds
1180,Maiduguri,NG,11.8464,13.1603,89.24,46,90,9.8,overcast clouds
1181,Marshall,US,34.3834,-86.3333,88.3,54,0,4.61,clear sky
1182,Divnomorskoye,RU,44.5011,38.1353,69.66,71,0,6.22,clear sky
1183,Marathon,US,44.9,-89.7668,72.66,57,20,6.91,few clouds
1184,Burla,IN,21.5,83.8667,77.52,90,100,5.59,light rain
1185,Kenai,US,60.5544,-151.2583,55.15,96,100,4.61,overcast clouds
1186,Chinhoyi,ZW,-17.3667,30.2,61.03,36,16,4.85,few clouds
1187,Kabin Buri,TH,13.9511,101.7177,75.4,95,87,3.13,light rain
1188,Allende,MX,25.2833,-100.0167,88.99,46,16,5.93,few clouds
1189,Roros,NO,62.5747,11.3842,44.44,76,100,18.41,overcast clouds
1190,Shimoda,JP,34.6667,138.95,74.1,92,99,5.37,moderate rain
1191,Alappuzha,IN,9.49,76.3264,79.0,82,99,14.2,overcast clouds
1192,Bolshaya Martynovka,RU,47.271,41.6679,75.61,39,3,14.32,clear sky
1193,Darhan,MN,49.4867,105.9228,56.84,92,52,5.48,broken clouds
1194,Port Lavaca,US,28.615,-96.6261,95.31,58,0,5.75,clear sky
1195,Zatoka,UA,46.0725,30.4654,76.06,65,73,10.25,broken clouds
1196,Isla Vista,US,34.4133,-119.861,81.34,59,100,5.75,mist
1197,Yondo,CO,7.0062,-73.9097,84.69,70,20,5.75,few clouds
1198,Vao,NC,-22.6667,167.4833,70.83,65,11,24.14,few clouds
1199,Riyadh,SA,24.6877,46.7219,104.14,7,26,10.78,scattered clouds
1200,Puerto El Triunfo,SV,13.2833,-88.55,88.43,55,100,4.88,overcast clouds
1201,Rocha,UY,-34.4833,-54.3333,62.19,79,67,11.95,broken clouds
1202,Rosario Oeste,BR,-14.8361,-56.4275,95.43,19,64,10.07,broken clouds
1203,Xinmin,CN,41.9908,122.8253,66.7,92,1,2.66,clear sky
1204,Santa Maria Del Oro,MX,25.9333,-105.3667,81.41,35,5,13.04,clear sky
1205,Kolpashevo,RU,58.3131,82.9089,52.36,88,55,4.83,broken clouds
1206,Eydhafushi,MV,5.1033,73.0708,82.74,78,36,15.57,scattered clouds
1207,Lima,PE,-12.0432,-77.0282,61.05,72,40,9.22,scattered clouds
1208,Pocatello,US,42.8713,-112.4455,88.18,32,0,8.05,clear sky
1209,Detmold,DE,51.8,8.0,73.8,36,67,16.17,broken clouds
1210,Concepcion,CL,-36.827,-73.0498,39.0,93,75,8.05,broken clouds
1211,Yangjiang,CN,21.85,111.9667,81.66,87,69,4.21,broken clouds
1212,Elko,US,41.0002,-115.5012,85.05,20,0,7.0,clear sky
1213,Wajima,JP,37.4,136.9,74.61,92,99,9.53,overcast clouds
1214,Havre-Saint-Pierre,CA,50.2334,-63.5986,68.36,52,0,10.36,clear sky
1215,Estelle,US,29.8458,-90.1067,91.99,67,75,8.05,broken clouds
1216,Lilongwe,MW,-13.9669,33.7873,66.4,55,0,8.05,clear sky
1217,Carolina,PR,18.3808,-65.9574,89.73,68,40,19.57,scattered clouds
1218,Miyako,JP,39.6367,141.9525,66.7,91,99,5.64,overcast clouds
1219,Matara,LK,5.9485,80.5353,76.93,89,37,9.75,scattered clouds
1220,La Ligua,CL,-32.4524,-71.2311,49.51,80,100,3.51,light rain
1221,Iquitos,PE,-3.7481,-73.2472,86.04,70,75,5.75,broken clouds
1222,Canavieiras,BR,-15.675,-38.9472,80.56,65,99,7.61,overcast clouds
1223,Yeppoon,AU,-23.1333,150.7333,44.38,69,0,5.57,clear sky
1224,Kismayo,SO,-0.3582,42.5454,76.12,87,58,18.7,light rain
1225,Honningsvag,NO,70.9821,25.9704,56.95,88,20,8.05,few clouds
1226,Zhangye,CN,38.9342,100.4517,71.46,55,100,4.36,overcast clouds
1227,Wuwei,CN,37.9281,102.6414,68.32,76,100,8.1,overcast clouds
1228,Inongo,CD,-1.95,18.2667,75.74,47,91,2.93,overcast clouds
1229,The Valley,AI,18.217,-63.0578,85.86,79,99,21.52,overcast clouds
1230,Biak,ID,-0.9131,122.8766,74.32,92,100,6.08,overcast clouds
1231,Katobu,ID,-4.9408,122.5276,73.96,87,99,3.22,overcast clouds
1232,Linkou,CN,45.3,130.2833,63.07,99,100,7.56,light rain
1233,Burnie,AU,-41.0667,145.9167,47.95,88,69,6.53,broken clouds
1234,Gasa,PS,31.5,34.4667,82.89,64,1,8.14,clear sky
1235,Atambua,ID,-9.1061,124.8925,66.87,83,13,5.88,few clouds
1236,Erenhot,CN,43.6475,111.9767,78.44,22,66,5.66,broken clouds
1237,Jacareacanga,BR,-6.2222,-57.7528,97.3,26,23,3.98,few clouds
1238,Zheleznodorozhnyy,RU,55.7503,38.0042,70.32,76,97,4.76,light rain
1239,Alice Springs,AU,-23.7,133.8833,33.35,69,13,1.14,few clouds
1240,Namatanai,PG,-3.6667,152.4333,78.46,86,100,8.34,light rain
1241,Masvingo,ZW,-20.0637,30.8277,59.72,41,4,4.0,clear sky
1242,Menongue,AO,-14.6585,17.691,63.07,34,0,5.59,clear sky
1243,Natchitoches,US,31.7668,-93.1335,83.25,74,40,3.44,scattered clouds
1244,Denpasar,ID,-8.65,115.2167,78.46,88,20,8.05,few clouds
1245,Hasaki,JP,35.7333,140.8333,73.8,92,100,7.45,moderate rain
1246,Zhanaozen,KZ,43.3,52.8,94.44,16,10,7.31,clear sky
1247,Seaford,GB,50.7714,0.1027,80.1,41,24,4.0,few clouds
1248,Mikhaylovsk,RU,45.1283,42.0256,71.82,56,0,8.99,clear sky
1249,Sananduva,BR,-27.9497,-51.8067,59.2,94,100,7.43,moderate rain
1250,Saint Anthony,US,45.0205,-93.218,82.15,60,0,5.75,clear sky
1251,Agropoli,IT,40.3469,14.9966,86.09,44,0,3.8,clear sky
1252,Sola,VU,-13.8833,167.55,79.79,72,37,2.75,scattered clouds
1253,Banda,IN,25.4833,80.3333,98.65,36,100,13.8,overcast clouds
1254,Itarema,BR,-2.9248,-39.9167,85.12,60,8,16.44,clear sky
1255,Lengshuijiang,CN,27.6881,111.4294,81.73,76,100,1.52,overcast clouds
1256,Alyangula,AU,-13.8483,136.4192,67.3,59,28,12.86,scattered clouds
1257,Norman Wells,CA,65.282,-126.8329,48.24,100,100,10.36,light intensity drizzle
1258,Cervo,ES,43.6702,-7.4101,73.51,78,98,11.16,overcast clouds
1259,Lasa,IT,46.6166,10.7002,84.69,46,65,2.13,broken clouds
1260,Labuhan,ID,-6.8844,112.2051,77.63,89,97,8.03,overcast clouds
1261,Istanbul,TR,41.0351,28.9833,78.22,47,0,20.71,clear sky
1262,Kurmanayevka,RU,52.5093,52.0675,72.88,68,97,11.27,light rain
1263,Izumo,JP,35.3667,132.7667,78.75,97,96,4.5,overcast clouds
1264,Olkhovka,RU,53.2115,60.6069,72.9,69,8,13.06,clear sky
1265,Victoria Point,AU,-27.5833,153.3,52.92,86,38,9.28,scattered clouds
1266,Sao Jose Da Coroa Grande,BR,-8.8978,-35.1478,79.66,62,2,11.01,clear sky
1267,Pangody,RU,65.85,74.4859,58.32,58,43,5.14,scattered clouds
1268,Aguimes,ES,27.9054,-15.4461,75.83,61,20,29.93,few clouds
1269,Ngunguru,NZ,-35.6167,174.5,53.26,90,73,11.59,broken clouds
1270,Southbridge,US,42.0751,-72.0334,85.23,71,5,6.71,clear sky
1271,Abu Dhabi,AE,24.4667,54.3667,96.91,67,0,8.05,clear sky
1272,Mount Isa,AU,-20.7333,139.5,49.77,37,13,9.22,few clouds
1273,Cherskiy,RU,68.75,161.3,38.37,73,36,7.18,scattered clouds
1274,Huicungo,PE,-7.2833,-76.8,84.45,70,40,4.61,scattered clouds
1275,Isangel,VU,-19.55,169.2667,74.86,86,45,5.99,scattered clouds
1276,Ucluelet,CA,48.9329,-125.5528,60.1,83,100,1.01,overcast clouds
1277,Wagar,SD,16.1525,36.2032,87.6,48,94,14.5,overcast clouds
1278,Safaga,EG,26.7292,33.9365,90.14,34,2,14.05,clear sky
1279,Pedasi,PA,7.5333,-80.0333,81.48,74,94,5.21,overcast clouds
1280,Nortelandia,BR,-14.4547,-56.8028,95.16,19,80,9.17,broken clouds
1281,Odweyne,SO,9.4092,45.064,78.55,46,97,21.56,overcast clouds
1282,Port Arthur,CN,38.8,121.2667,74.91,59,28,5.73,scattered clouds
1283,Olinda,BR,-8.0089,-34.8553,82.13,61,40,17.27,scattered clouds
1284,Quatre Cocos,MU,-20.2078,57.7625,70.09,74,29,15.52,light rain
1285,Kulhudhuffushi,MV,6.6221,73.07,82.51,81,83,15.61,light rain
1286,Wrexham,GB,53.0,-3.0,68.04,60,20,16.11,few clouds
1287,Bulgan,MN,48.8125,103.5347,53.55,93,2,6.85,clear sky
1288,Maltahohe,NA,-24.8333,16.9833,61.03,22,0,10.29,clear sky
1289,Kassala,SD,15.451,36.4,79.95,65,95,11.48,overcast clouds
1290,Tautira,PF,-17.7333,-149.15,75.78,61,97,20.8,overcast clouds
1291,Nerchinskiy Zavod,RU,51.3088,119.61,60.82,94,100,1.61,moderate rain
1292,Campos,BR,-21.75,-41.3,78.85,61,40,13.8,scattered clouds
1293,Mozarlandia,BR,-14.7447,-50.5706,94.42,21,72,9.42,broken clouds
1294,Jumla,NP,29.2747,82.1838,64.9,86,100,1.39,overcast clouds
1295,Areka,ET,7.0667,37.7,60.1,86,96,0.94,overcast clouds
1296,Broken Hill,AU,-31.95,141.4333,41.18,78,0,4.34,clear sky
1297,Savannah Bight,HN,16.45,-85.85,82.44,80,98,20.51,overcast clouds
1298,Itoman,JP,26.1247,127.6694,84.97,91,75,6.91,broken clouds
1299,Itaqui,BR,-29.1253,-56.5531,67.57,94,97,14.63,moderate rain
1300,Fort Nelson,CA,58.8053,-122.7002,60.39,59,40,5.75,scattered clouds
1301,Tarakan,ID,3.3,117.6333,77.32,82,100,6.22,overcast clouds
1302,Isla Mujeres,MX,21.2311,-86.731,86.16,66,45,10.98,scattered clouds
1303,Sechura,PE,-5.5569,-80.8222,73.0,56,55,14.16,broken clouds
1304,Anuradhapura,LK,8.3565,80.4173,78.96,76,89,16.4,overcast clouds
1305,Yamada,JP,39.4667,141.95,66.63,91,99,4.76,overcast clouds
1306,Luocheng,CN,29.3848,104.0286,77.7,96,77,4.34,broken clouds
1307,Amga,RU,60.8953,131.9608,65.28,91,76,0.74,broken clouds
1308,Nemuro,JP,43.3236,145.575,59.56,91,100,10.78,overcast clouds
1309,Gat,IL,31.61,34.7642,82.81,100,0,8.03,clear sky
1310,Dukat,RU,62.55,155.55,55.89,83,45,5.28,scattered clouds
1311,Wanaka,NZ,-44.7,169.15,31.1,92,81,1.99,broken clouds
1312,Aksarka,RU,66.5606,67.7975,59.72,81,7,7.92,clear sky
1313,Tilichiki,RU,60.4667,166.1,56.95,83,3,8.81,clear sky
1314,Hambantota,LK,6.1241,81.1185,79.92,75,27,16.49,scattered clouds
1315,Caravelas,BR,-17.7125,-39.2481,76.51,75,76,7.34,broken clouds
1316,Jalu,LY,29.0331,21.5482,91.02,23,0,12.3,clear sky
1317,Murray Bridge,AU,-35.1167,139.2667,46.13,88,2,6.85,clear sky
1318,Langevag,NO,62.4375,6.1892,57.92,73,40,12.66,scattered clouds
1319,Aquiraz,BR,-3.9014,-38.3911,87.46,68,53,12.15,broken clouds
1320,Kirensk,RU,57.7853,108.1119,54.52,93,99,2.13,light rain
1321,Panguna,PG,-6.3164,155.4848,66.81,95,74,1.77,broken clouds
1322,San Rafael,AR,-34.6177,-68.3301,51.51,34,96,9.48,overcast clouds
1323,Jilib,SO,0.4883,42.7854,74.93,86,57,8.9,light rain
1324,Khasan,RU,42.4308,130.6434,64.29,97,100,5.37,overcast clouds
1325,Lagunas,PE,-5.2269,-75.6753,89.58,51,18,3.83,few clouds
1326,Korla,CN,41.7597,86.1469,74.03,45,83,6.11,broken clouds
1327,Almaty,KZ,43.25,76.95,71.51,35,20,4.47,few clouds
1328,Mayumba,GA,-3.432,10.6554,72.77,82,13,6.08,few clouds
1329,Ambilobe,MG,-13.2,49.05,69.87,77,41,3.29,scattered clouds
1330,Mikhaylovskoye,RU,51.8239,79.7172,63.63,58,72,4.54,broken clouds
1331,Burley,US,42.5357,-113.7928,71.56,56,20,4.61,few clouds
1332,Okhotsk,RU,59.3833,143.3,57.52,98,81,3.06,broken clouds
1333,Andilamena,MG,-17.0167,48.5833,55.2,94,42,6.64,scattered clouds
1334,Neuquen,AR,-38.9516,-68.0591,40.89,87,75,3.44,light rain
1335,Westport,US,41.1415,-73.3579,86.92,73,0,6.91,clear sky
1336,Paraiso,CR,9.8383,-83.8656,76.87,83,93,2.77,overcast clouds
1337,Serowe,BW,-22.3833,26.7167,60.87,28,2,5.97,clear sky
1338,Sabang,ID,5.8933,95.3214,82.94,77,23,16.73,few clouds
1339,Vagamo,NO,61.8751,9.0967,51.84,62,94,13.82,overcast clouds
1340,Beloha,MG,-25.1667,45.05,65.01,80,0,4.5,clear sky
1341,Calvinia,ZA,-31.4707,19.776,49.23,81,19,2.59,few clouds
1342,Shizilu,CN,35.1711,118.8289,76.86,95,98,1.72,overcast clouds
1343,Itaituba,BR,-4.2761,-55.9836,93.36,52,20,4.61,few clouds
1344,Orel-Izumrud,RU,43.4583,39.9244,75.22,57,40,7.0,scattered clouds
1345,Uttiramerur,IN,12.6,79.7667,85.51,50,79,16.69,broken clouds
1346,Muros,ES,42.7762,-9.0603,83.08,40,100,4.65,overcast clouds
1347,Baruun-Urt,MN,46.6806,113.2792,66.7,50,40,2.53,scattered clouds
1348,Wladyslawowo,PL,54.7909,18.4009,68.0,71,100,19.3,overcast clouds
1349,Priargunsk,RU,50.3691,119.1012,61.93,96,100,4.54,overcast clouds
1350,Itaguai,BR,-22.8522,-43.7753,80.22,61,40,3.44,scattered clouds
1351,Bandarbeyla,SO,9.4942,50.8122,78.57,79,65,33.24,broken clouds
1352,Mirnyy,RU,62.5353,113.9611,57.96,83,89,5.37,overcast clouds
1353,Oksfjord,NO,70.2396,22.3479,61.0,97,100,5.79,overcast clouds
1354,Bang Rakam,TH,16.7585,100.1174,77.88,86,100,2.8,overcast clouds
1355,La Ronge,CA,55.1001,-105.2842,70.05,32,20,12.66,few clouds
1356,Jiwani,PK,25.05,61.7417,85.55,81,34,6.73,scattered clouds
1357,Vanimo,PG,-2.6741,141.3028,76.87,88,91,2.17,overcast clouds
1358,Redlands,US,34.0556,-117.1825,101.32,49,19,4.09,few clouds
1359,Karatau,KZ,43.1667,70.4667,79.95,20,0,18.45,clear sky
1360,Moose Factory,CA,51.2585,-80.6094,73.4,43,20,8.05,few clouds
1361,Port Keats,AU,-14.25,129.55,60.12,34,2,9.19,clear sky
1362,Gibgos,PH,13.859,123.7675,80.17,87,60,4.83,broken clouds
1363,Langxiang,CN,46.95,128.8833,63.61,97,100,4.63,moderate rain
1364,Pallipattu,IN,13.3386,79.4449,85.35,55,62,15.21,broken clouds
1365,Marzuq,YE,14.4,46.4667,78.26,50,98,7.81,light rain
1366,Mount Gambier,AU,-37.8333,140.7667,46.31,100,100,10.36,overcast clouds
1367,Half Moon Bay,US,37.4636,-122.4286,75.88,77,100,9.22,mist
1368,Kapoeta,SS,4.7717,33.5903,81.95,49,98,6.53,overcast clouds
1369,Margate,GB,51.3813,1.3862,69.12,70,53,4.0,broken clouds
1370,Agadez,NE,19.75,10.25,101.1,11,11,8.03,few clouds
1371,Chokwe,MZ,-24.5333,32.9833,69.13,45,0,6.08,clear sky
1372,Nuuk,GL,64.1835,-51.7216,56.01,54,20,8.05,few clouds
1373,Pangoa,PE,-12.1167,-73.0,82.6,54,100,3.87,overcast clouds
1374,Corrente,BR,-3.7367,-43.3394,91.83,40,28,5.68,scattered clouds
1375,Kushima,JP,31.4583,131.2333,79.66,93,66,7.9,broken clouds
1376,Buala,SB,-8.145,159.5921,77.09,77,92,3.47,overcast clouds
1377,Puerto Colombia,CO,10.9878,-74.9547,89.69,75,36,9.35,scattered clouds
1378,Vanderhoof,CA,54.0166,-124.0198,57.94,67,100,0.78,overcast clouds
1379,Mankera,PK,31.3866,71.4407,91.96,50,36,10.45,scattered clouds
1380,Polyarnyy,RU,69.1989,33.4478,62.91,92,100,14.32,overcast clouds
1381,Paracuru,BR,-3.41,-39.0306,82.11,63,41,14.58,scattered clouds
1382,Mmabatho,ZA,-25.85,25.6333,62.56,27,0,2.3,clear sky
1383,Impfondo,CG,1.6381,18.0667,80.2,64,85,0.94,overcast clouds
1384,Arlit,NE,18.7369,7.3853,105.85,8,6,9.69,clear sky
1385,Takoradi,GH,4.8845,-1.7554,76.93,82,74,10.51,broken clouds
1386,Sarangani,PH,5.4033,125.4636,81.52,77,99,3.49,overcast clouds
1387,Antalaha,MG,-14.9003,50.2788,68.14,84,15,8.59,few clouds
1388,Harper,LR,4.375,-7.7169,77.05,77,100,8.43,overcast clouds
1389,Tigzirt,DZ,36.8886,4.1198,83.05,57,0,14.76,clear sky
1390,Saint-Prosper,CA,46.2117,-70.4811,64.04,97,100,1.77,moderate rain
1391,Severodvinsk,RU,64.5635,39.8302,73.51,68,88,5.19,overcast clouds
1392,Newnan,US,33.3807,-84.7997,83.64,80,75,1.99,broken clouds
1393,Pemangkat,ID,1.1667,108.9667,79.07,78,91,4.5,overcast clouds
1394,Yarmouth,US,41.7057,-70.2286,88.61,69,0,8.05,clear sky
1395,Alexandria,EG,31.2156,29.9553,81.14,57,0,16.11,clear sky
1396,Mansa,IN,29.9833,75.3833,85.55,69,14,10.38,moderate rain
1397,Puerto Palomas,MX,31.7667,-107.6167,89.15,30,4,10.8,clear sky
1398,Praya,CV,14.9215,-23.5087,82.94,51,20,19.57,few clouds
1399,Oktyabrskoye,RU,43.0645,44.7417,68.14,73,100,6.71,overcast clouds
1400,Altay,CN,47.8667,88.1167,56.57,47,10,6.22,clear sky
1401,Yulara,AU,-25.2406,130.9889,45.41,43,3,8.84,clear sky
1402,Ust-Kuyga,RU,70.0167,135.6,56.64,75,78,3.04,broken clouds
1403,Diego De Almagro,CL,-26.3667,-70.05,51.3,56,34,9.04,scattered clouds
1404,Dasuya,IN,31.8183,75.6597,80.94,82,100,7.83,overcast clouds
1405,Haines Junction,CA,60.7522,-137.5108,49.95,76,73,1.14,broken clouds
1406,Malangwa,NP,26.8568,85.5581,88.95,64,17,6.42,few clouds
1407,Balangir,IN,20.7167,83.4833,75.83,88,100,10.02,overcast clouds
1408,Emba,KZ,48.8264,58.1442,89.06,22,12,7.65,few clouds
1409,Kardailovo,RU,51.5386,53.9042,77.02,54,99,4.97,overcast clouds
1410,Kresttsy,RU,58.2452,32.5165,62.26,80,88,2.71,overcast clouds
1411,Fuyu,CN,45.1833,124.8167,64.09,97,94,7.7,overcast clouds
1412,Gazojak,TM,41.1875,61.4036,93.38,10,0,15.43,clear sky
1413,Vinh,VN,18.6667,105.6667,78.06,91,73,3.18,broken clouds
1414,Chapais,CA,49.7834,-74.8492,67.78,36,73,7.0,broken clouds
1415,Otradnoye,RU,59.7775,30.8181,62.65,92,79,5.66,broken clouds
1416,Qandala,SO,11.472,49.8728,91.78,50,88,15.1,overcast clouds
1417,Sibu,MY,2.3,111.8167,73.71,94,40,5.99,scattered clouds
1418,Pierre,US,44.3683,-100.351,81.52,69,0,12.66,clear sky
1419,Brandon,US,27.9378,-82.2859,94.19,75,40,5.99,scattered clouds
1420,Kutum,SD,14.2,24.6667,83.88,41,84,8.12,broken clouds
1421,Betanzos,ES,43.2804,-8.2147,95.65,48,0,8.05,clear sky
1422,Krasnomayskiy,RU,57.6194,34.4099,59.65,89,69,4.56,light rain
1423,Osa,RU,57.2829,55.4567,69.96,90,100,3.89,overcast clouds
1424,Tasiilaq,GL,65.6145,-37.6368,41.67,70,54,6.46,broken clouds
1425,Davila,PH,18.4726,120.5763,82.38,79,100,9.86,overcast clouds
1426,Jiayuguan,CN,39.8167,98.3,66.88,59,100,7.07,overcast clouds
1427,Shoranur,IN,10.7667,76.2833,72.21,95,97,2.46,overcast clouds
1428,Tocopilla,CL,-22.092,-70.1979,60.24,62,37,5.14,scattered clouds
1429,Taseyevo,RU,57.2169,94.8978,55.81,64,76,1.41,broken clouds
1430,Mangrol,IN,21.1167,70.1167,81.16,88,97,17.29,overcast clouds
1431,Melchor De Mencos,GT,17.0686,-89.1522,86.0,74,75,6.91,broken clouds
1432,Pasinler,TR,39.9803,41.6764,70.79,71,0,7.92,clear sky
1433,Bonthe,SL,7.5264,-12.505,79.92,78,94,11.52,light rain
